mean,variance,std_dev,min,max,range,difference,diff,state
0.8198198198198197,0.03515625,0.1875,0.88,0.5454545454545454,0.1764705882352941,0.6129032258064515,0.5588235294117647,Fatigue
0.738738738738739,0.0546875,0.2338535866733714,0.7599999999999999,0.4848484848484848,0.2352941176470588,0.4193548387096774,0.3235294117647059,Fatigue
0.6486486486486487,0.015625,0.125,0.7599999999999999,0.4242424242424243,0.1176470588235294,0.4838709677419354,0.4411764705882353,Fatigue
0.6846846846846848,0.064453125,0.2538762001448738,0.7200000000000001,0.4545454545454546,0.2352941176470588,0.6774193548387096,0.6764705882352942,Fatigue
0.5315315315315317,0.078125,0.2795084971874738,0.6,0.3939393939393938,0.2941176470588235,0.6774193548387096,0.5882352941176471,Fatigue
0.2702702702702704,0.130859375,0.3617449032121946,0.2799999999999999,0.2121212121212121,0.4117647058823529,0.5806451612903225,0.5588235294117647,Fatigue
0.8648648648648647,0.015625,0.125,0.92,0.5454545454545454,0.1176470588235294,0.4838709677419354,0.5,Fatigue
0.7027027027027026,0.052734375,0.2296396633859229,0.7599999999999999,0.4848484848484848,0.2352941176470588,0.6774193548387096,0.7647058823529411,Fatigue
0.3873873873873872,0.0625,0.25,0.4800000000000001,0.2727272727272727,0.2352941176470588,0.4516129032258064,0.5588235294117647,Fatigue
0.7747747747747746,0.015625,0.125,0.84,0.4848484848484848,0.1176470588235294,0.5161290322580645,0.5882352941176471,Fatigue
0.7657657657657662,0.04296875,0.2072890493972125,0.7999999999999999,0.5151515151515151,0.2352941176470588,0.6129032258064515,0.5882352941176471,Fatigue
0.4594594594594594,0.279296875,0.5284854539152428,0.44,0.3636363636363635,0.4705882352941176,0.2903225806451612,0.1764705882352941,Fatigue
0.7297297297297296,0.044921875,0.2119478119726646,0.7999999999999999,0.4848484848484848,0.1764705882352941,0.5483870967741935,0.5,Fatigue
0.3423423423423422,0.052734375,0.2296396633859229,0.44,0.2424242424242424,0.2352941176470588,0.5161290322580645,0.5,Fatigue
0.7027027027027026,0.0332031249999999,0.1822172467139156,0.7599999999999999,0.4545454545454546,0.1764705882352941,0.4838709677419354,0.2647058823529412,Fatigue
0.4594594594594594,0.005859375,0.0765465544619743,0.6,0.2727272727272727,0.0588235294117647,0.5483870967741935,0.5588235294117647,Fatigue
0.4774774774774775,0.072265625,0.2688226645950821,0.5599999999999999,0.3636363636363635,0.2941176470588235,0.5161290322580645,0.5294117647058824,Fatigue
0.2882882882882884,0.005859375,0.0765465544619743,0.44,0.1515151515151513,0.0588235294117647,0.5483870967741935,0.5294117647058824,Fatigue
0.3333333333333335,0.07421875,0.2724311839712922,0.44,0.2727272727272727,0.2941176470588235,0.6774193548387096,0.6470588235294118,Fatigue
0.7567567567567568,0.087890625,0.2964635306407856,0.7599999999999999,0.5151515151515151,0.2941176470588235,0.7096774193548386,0.6176470588235294,Fatigue
0.6576576576576576,0.013671875,0.1169267933366857,0.7599999999999999,0.4242424242424243,0.1176470588235294,0.5806451612903225,0.5588235294117647,Fatigue
0.6126126126126126,0.033203125,0.1822172467139156,0.7200000000000001,0.4242424242424243,0.1764705882352941,0.6451612903225806,0.6176470588235294,Fatigue
0.144144144144144,0.005859375,0.0765465544619743,0.3199999999999999,0.0606060606060605,0.0588235294117647,0.5806451612903225,0.4705882352941176,Fatigue
0.4774774774774775,0.072265625,0.2688226645950821,0.5599999999999999,0.3636363636363635,0.2941176470588235,0.5806451612903225,0.4705882352941176,Fatigue
0.4144144144144144,0.044921875,0.2119478119726646,0.4800000000000001,0.2727272727272727,0.2352941176470588,0.4516129032258064,0.4117647058823529,Fatigue
0.1261261261261261,0.078125,0.2795084971874738,0.2,0.0909090909090908,0.2941176470588235,0.5161290322580645,0.6470588235294118,Fatigue
0.7747747747747746,0.015625,0.125,0.88,0.5151515151515151,0.1176470588235294,0.5483870967741935,0.4411764705882353,Fatigue
0.3063063063063063,0.078125,0.2795084971874738,0.4,0.2121212121212121,0.2352941176470588,0.6129032258064515,0.5588235294117647,Fatigue
0.3693693693693693,0.240234375,0.4901370981674414,0.4,0.3636363636363635,0.5294117647058824,0.7096774193548386,0.6764705882352942,Fatigue
0.4504504504504507,0.130859375,0.3617449032121947,0.4800000000000001,0.3636363636363635,0.4117647058823529,0.5161290322580645,0.5,Fatigue
0.7657657657657662,0.00390625,0.0625,0.88,0.4848484848484848,0.0588235294117647,0.5161290322580645,0.4411764705882353,Fatigue
0.3063063063063063,0.009765625,0.0988211768802618,0.44,0.1818181818181816,0.1176470588235294,0.5483870967741935,0.3823529411764705,Fatigue
0.7927927927927929,0.072265625,0.2688226645950821,0.7999999999999999,0.5454545454545454,0.2941176470588235,0.4516129032258064,0.3529411764705882,Fatigue
0.6756756756756759,0.0234375,0.1530931089239486,0.7599999999999999,0.4242424242424243,0.1176470588235294,0.5483870967741935,0.6176470588235294,Fatigue
0.144144144144144,0.005859375,0.0765465544619743,0.3199999999999999,0.0606060606060605,0.0588235294117647,0.5483870967741935,0.4411764705882353,Fatigue
0.1711711711711712,0.0,0.0,0.36,0.0606060606060605,0.0,0.5483870967741935,0.4411764705882353,Fatigue
0.0720720720720722,0.091796875,0.3029799910885206,0.16,0.0606060606060605,0.2941176470588235,0.3870967741935484,0.2941176470588235,Fatigue
0.9009009009009012,0.00390625,0.0625,1.0,0.5757575757575757,0.0588235294117647,0.5483870967741935,0.5294117647058824,Fatigue
0.7027027027027026,0.052734375,0.2296396633859229,0.7599999999999999,0.4848484848484848,0.2352941176470588,0.6129032258064515,0.5294117647058824,Fatigue
0.4954954954954957,0.072265625,0.2688226645950821,0.5599999999999999,0.3636363636363635,0.2941176470588235,0.5806451612903225,0.5294117647058824,Fatigue
0.4234234234234235,0.03515625,0.1875,0.5199999999999999,0.2727272727272727,0.1764705882352941,0.5483870967741935,0.4705882352941176,Fatigue
0.6666666666666667,0.01953125,0.1397542485937369,0.7599999999999999,0.4242424242424243,0.1176470588235294,0.6129032258064515,0.4705882352941176,Fatigue
0.4684684684684685,0.083984375,0.2898005779842408,0.5599999999999999,0.3636363636363635,0.2941176470588235,0.5483870967741935,0.6764705882352942,Fatigue
0.3153153153153154,0.0332031249999999,0.1822172467139156,0.44,0.2121212121212121,0.1764705882352941,0.5806451612903225,0.7647058823529411,Fatigue
0.8648648648648647,0.005859375,0.0765465544619743,0.96,0.5454545454545454,0.0588235294117647,0.5806451612903225,0.5294117647058824,Fatigue
0.882882882882883,0.00390625,0.0625,0.96,0.5454545454545454,0.0588235294117647,0.5161290322580645,0.5,Fatigue
0.6756756756756759,0.0332031249999999,0.1822172467139156,0.7599999999999999,0.4545454545454546,0.1764705882352941,0.5161290322580645,0.4411764705882353,Fatigue
0.6666666666666667,0.048828125,0.2209708691207961,0.7200000000000001,0.4545454545454546,0.2352941176470588,0.5806451612903225,0.6176470588235294,Fatigue
0.7117117117117118,0.048828125,0.2209708691207961,0.7599999999999999,0.4848484848484848,0.2352941176470588,0.6129032258064515,0.6470588235294118,Fatigue
0.7027027027027026,0.013671875,0.1169267933366857,0.7999999999999999,0.4545454545454546,0.1176470588235294,0.5483870967741935,0.4705882352941176,Fatigue
0.7747747747747746,0.044921875,0.2119478119726646,0.7999999999999999,0.5151515151515151,0.2352941176470588,0.5161290322580645,0.5,Fatigue
0.3603603603603604,0.0234375,0.1530931089239486,0.4800000000000001,0.2121212121212121,0.1176470588235294,0.5483870967741935,0.088235294117647,Fatigue
0.7657657657657662,0.072265625,0.2688226645950821,0.7999999999999999,0.5454545454545454,0.2941176470588235,0.6129032258064515,0.6764705882352942,Fatigue
0.3243243243243243,0.0546875,0.2338535866733714,0.4,0.2121212121212121,0.2352941176470588,0.4838709677419354,0.6470588235294118,Fatigue
0.1531531531531531,0.005859375,0.0765465544619743,0.3199999999999999,0.0606060606060605,0.0588235294117647,0.5806451612903225,0.5588235294117647,Fatigue
0.3783783783783785,0.03515625,0.1875,0.4800000000000001,0.2424242424242424,0.1764705882352941,0.4838709677419354,0.5588235294117647,Fatigue
0.1621621621621622,0.013671875,0.1169267933366857,0.3199999999999999,0.0909090909090908,0.1176470588235294,0.5483870967741935,0.5,Fatigue
0.927927927927928,0.013671875,0.1169267933366857,1.0,0.606060606060606,0.1176470588235294,0.4838709677419354,0.5294117647058824,Fatigue
0.882882882882883,0.00390625,0.0625,0.96,0.5454545454545454,0.0588235294117647,0.5483870967741935,0.5,Fatigue
0.1351351351351351,0.0234375,0.1530931089239487,0.2799999999999999,0.0606060606060605,0.1176470588235294,0.6129032258064515,0.5588235294117647,Fatigue
0.8018018018018018,0.01953125,0.1397542485937369,0.88,0.5151515151515151,0.1176470588235294,0.5806451612903225,0.5588235294117647,Fatigue
0.6216216216216217,0.009765625,0.0988211768802618,0.7200000000000001,0.3939393939393938,0.1176470588235294,0.5806451612903225,0.5,Fatigue
0.1171171171171172,0.013671875,0.1169267933366857,0.2799999999999999,0.0606060606060605,0.1176470588235294,0.5483870967741935,0.4411764705882353,Fatigue
0.2072072072072071,0.0234375,0.1530931089239486,0.3199999999999999,0.1212121212121211,0.1764705882352941,0.5483870967741935,0.5294117647058824,Fatigue
0.7657657657657662,0.0625,0.25,0.7999999999999999,0.5454545454545454,0.2941176470588235,0.4516129032258064,0.4117647058823529,Fatigue
0.7027027027027026,0.0625,0.25,0.7200000000000001,0.4545454545454546,0.2352941176470588,0.6774193548387096,0.7058823529411764,Fatigue
0.7117117117117118,0.029296875,0.1711632992203644,0.7599999999999999,0.4545454545454546,0.1764705882352941,0.5483870967741935,0.5294117647058824,Fatigue
0.1711711711711712,0.009765625,0.0988211768802618,0.3199999999999999,0.0909090909090908,0.1176470588235294,0.5161290322580645,0.5294117647058824,Fatigue
0.4054054054054055,0.04296875,0.2072890493972125,0.4800000000000001,0.2727272727272727,0.2352941176470588,0.4838709677419354,0.6176470588235294,Fatigue
0.0810810810810811,0.146484375,0.3827327723098717,0.12,0.0909090909090908,0.4117647058823529,0.5161290322580645,0.5,Fatigue
0.7117117117117118,0.0390625,0.1976423537605237,0.7599999999999999,0.4545454545454546,0.1764705882352941,0.4516129032258064,0.5,Fatigue
0.7747747747747746,0.005859375,0.0765465544619743,0.88,0.4848484848484848,0.0588235294117647,0.5483870967741935,0.5,Fatigue
0.3693693693693693,0.015625,0.125,0.4800000000000001,0.2121212121212121,0.1176470588235294,0.5806451612903225,0.5,Fatigue
0.1171171171171172,0.013671875,0.1169267933366857,0.2799999999999999,0.0606060606060605,0.1176470588235294,0.5806451612903225,0.5,Fatigue
0.6846846846846848,0.025390625,0.1593443597997745,0.7599999999999999,0.4545454545454546,0.1764705882352941,0.5806451612903225,0.5588235294117647,Fatigue
0.7207207207207209,0.052734375,0.2296396633859229,0.7599999999999999,0.4848484848484848,0.2352941176470588,0.5161290322580645,0.5294117647058824,Fatigue
0.8018018018018018,0.068359375,0.2614562582918987,0.84,0.5454545454545454,0.2352941176470588,0.5483870967741935,0.4705882352941176,Fatigue
0.6486486486486487,0.044921875,0.2119478119726646,0.7200000000000001,0.4545454545454546,0.2352941176470588,0.6774193548387096,0.5882352941176471,Fatigue
0.828828828828829,0.03515625,0.1875,0.88,0.5454545454545454,0.1764705882352941,0.4838709677419354,0.4705882352941176,Fatigue
0.6936936936936939,0.064453125,0.2538762001448738,0.7200000000000001,0.4848484848484848,0.2941176470588235,0.4838709677419354,0.4117647058823529,Fatigue
0.6666666666666667,0.0,0.0,0.7999999999999999,0.3939393939393938,0.0,0.5483870967741935,0.5,Fatigue
0.1891891891891892,0.005859375,0.0765465544619743,0.36,0.0909090909090908,0.0588235294117647,0.5161290322580645,0.4411764705882353,Fatigue
0.738738738738739,0.064453125,0.2538762001448738,0.7599999999999999,0.5151515151515151,0.2941176470588235,0.5483870967741935,0.5294117647058824,Fatigue
0.4504504504504507,0.013671875,0.1169267933366857,0.5599999999999999,0.2727272727272727,0.1176470588235294,0.5161290322580645,0.5588235294117647,Fatigue
0.8558558558558562,0.013671875,0.1169267933366857,0.92,0.5454545454545454,0.1176470588235294,0.5806451612903225,0.5294117647058824,Fatigue
0.7027027027027026,0.072265625,0.2688226645950821,0.7200000000000001,0.4848484848484848,0.2941176470588235,0.5806451612903225,0.3529411764705882,Fatigue
0.6756756756756759,0.0332031249999999,0.1822172467139156,0.7599999999999999,0.4545454545454546,0.1764705882352941,0.4838709677419354,0.4411764705882353,Fatigue
0.6396396396396395,0.015625,0.125,0.7200000000000001,0.3939393939393938,0.1176470588235294,0.6129032258064515,0.6176470588235294,Fatigue
0.2792792792792793,0.005859375,0.0765465544619743,0.44,0.1515151515151513,0.0588235294117647,0.5806451612903225,0.2941176470588235,Fatigue
0.0,0.1796875,0.4238956239453293,0.0,0.0303030303030302,0.4705882352941176,0.4838709677419354,0.5,Fatigue
0.6666666666666667,0.009765625,0.0988211768802618,0.7599999999999999,0.4242424242424243,0.1176470588235294,0.5483870967741935,0.5294117647058824,Fatigue
0.1621621621621622,0.013671875,0.1169267933366857,0.3199999999999999,0.0909090909090908,0.1176470588235294,0.5806451612903225,0.5,Fatigue
0.4414414414414416,0.05859375,0.2420614591379636,0.5599999999999999,0.3333333333333332,0.2352941176470588,0.4193548387096774,0.5,Fatigue
0.3423423423423422,0.0234375,0.1530931089239486,0.44,0.2121212121212121,0.1764705882352941,0.4838709677419354,0.4117647058823529,Fatigue
0.8648648648648647,0.005859375,0.0765465544619743,0.96,0.5454545454545454,0.0588235294117647,0.5483870967741935,0.5294117647058824,Fatigue
0.8918918918918919,0.0,0.0,1.0,0.5454545454545454,0.0,0.5483870967741935,0.4705882352941176,Fatigue
0.7747747747747746,0.09375,0.3061862178478973,0.7599999999999999,0.5454545454545454,0.3529411764705882,0.6451612903225806,0.6764705882352942,Fatigue
0.018018018018018,0.064453125,0.2538762001448738,0.12,0.0303030303030302,0.2941176470588235,0.5806451612903225,0.7058823529411764,Fatigue
0.1621621621621622,0.013671875,0.1169267933366857,0.3199999999999999,0.0909090909090908,0.1176470588235294,0.5806451612903225,0.5882352941176471,Fatigue
0.09009009009009,0.0625,0.25,0.2,0.0606060606060605,0.2352941176470588,0.5161290322580645,0.4117647058823529,Fatigue
0.1081081081081081,0.03515625,0.1875,0.2399999999999998,0.0606060606060605,0.1764705882352941,0.5161290322580645,0.2941176470588235,Fatigue
0.783783783783784,0.005859375,0.0765465544619743,0.88,0.4848484848484848,0.0588235294117647,0.5483870967741935,0.3823529411764705,Fatigue
0.8198198198198197,0.03515625,0.1875,0.88,0.5454545454545454,0.1764705882352941,0.6129032258064515,0.5588235294117647,Fatigue
0.7927927927927929,0.0234375,0.1530931089239486,0.84,0.5151515151515151,0.1764705882352941,0.5483870967741935,0.5294117647058824,Fatigue
0.8378378378378379,0.0234375,0.1530931089239486,0.88,0.5454545454545454,0.1764705882352941,0.4516129032258064,0.4411764705882353,Fatigue
0.2072072072072071,0.013671875,0.1169267933366857,0.36,0.1212121212121211,0.1176470588235294,0.5806451612903225,0.5588235294117647,Fatigue
0.7477477477477479,0.091796875,0.3029799910885206,0.7599999999999999,0.5454545454545454,0.3529411764705882,0.4193548387096774,0.4411764705882353,Fatigue
0.063063063063063,0.201171875,0.4485218779502289,0.16,0.1212121212121211,0.4117647058823529,0.3870967741935484,0.4117647058823529,Fatigue
0.4414414414414416,0.01953125,0.1397542485937369,0.5599999999999999,0.2727272727272727,0.1176470588235294,0.5806451612903225,0.5294117647058824,Fatigue
0.4234234234234235,0.03515625,0.1875,0.5199999999999999,0.2727272727272727,0.1764705882352941,0.6129032258064515,0.6176470588235294,Fatigue
0.927927927927928,0.013671875,0.1169267933366857,1.0,0.606060606060606,0.1176470588235294,0.4838709677419354,0.5294117647058824,Fatigue
0.3603603603603604,0.052734375,0.2296396633859229,0.44,0.2424242424242424,0.2352941176470588,0.4838709677419354,0.5,Fatigue
0.3513513513513513,0.05859375,0.2420614591379636,0.4,0.2121212121212121,0.2352941176470588,0.4193548387096774,0.3823529411764705,Fatigue
0.6666666666666667,0.068359375,0.2614562582918987,0.7200000000000001,0.4545454545454546,0.2352941176470588,0.4193548387096774,0.4411764705882353,Fatigue
0.1081081081081081,0.044921875,0.2119478119726646,0.2399999999999998,0.0606060606060605,0.1764705882352941,0.6451612903225806,0.5294117647058824,Fatigue
0.7207207207207209,0.0332031249999999,0.1822172467139156,0.7599999999999999,0.4545454545454546,0.1764705882352941,0.5483870967741935,0.5588235294117647,Fatigue
0.4864864864864866,0.029296875,0.1711632992203644,0.6,0.3333333333333332,0.1764705882352941,0.5806451612903225,0.5294117647058824,Fatigue
0.7657657657657662,0.091796875,0.3029799910885206,0.7599999999999999,0.5454545454545454,0.3529411764705882,0.5161290322580645,0.4411764705882353,Fatigue
0.7567567567567568,0.029296875,0.1711632992203644,0.84,0.5151515151515151,0.1764705882352941,0.5483870967741935,0.4411764705882353,Fatigue
0.7657657657657662,0.08203125,0.28641098093474,0.7999999999999999,0.5151515151515151,0.2352941176470588,0.4193548387096774,0.2941176470588235,Fatigue
0.8198198198198197,0.015625,0.125,0.88,0.5151515151515151,0.1176470588235294,0.6129032258064515,0.6764705882352942,Fatigue
0.4234234234234235,0.0546875,0.2338535866733714,0.4800000000000001,0.2727272727272727,0.2352941176470588,0.5806451612903225,0.5294117647058824,Fatigue
0.7297297297297296,0.103515625,0.3217384419058438,0.7599999999999999,0.5151515151515151,0.2941176470588235,0.3870967741935484,0.3235294117647059,Fatigue
0.1621621621621622,0.0039062499999999,0.0625,0.3199999999999999,0.0606060606060605,0.0588235294117647,0.5483870967741935,0.5882352941176471,Fatigue
0.2162162162162162,0.009765625,0.0988211768802618,0.36,0.1212121212121211,0.1176470588235294,0.5483870967741935,0.5882352941176471,Fatigue
0.4504504504504507,0.013671875,0.1169267933366857,0.5599999999999999,0.2727272727272727,0.1176470588235294,0.5806451612903225,0.4705882352941176,Fatigue
0.4594594594594594,0.279296875,0.5284854539152428,0.44,0.3636363636363635,0.4705882352941176,0.2903225806451612,0.1764705882352941,Fatigue
0.3243243243243243,0.083984375,0.2898005779842408,0.4,0.2424242424242424,0.2941176470588235,0.6129032258064515,0.5,Fatigue
0.4504504504504507,0.052734375,0.2296396633859229,0.5599999999999999,0.3333333333333332,0.2352941176470588,0.6774193548387096,0.6470588235294118,Fatigue
0.7207207207207209,0.013671875,0.1169267933366857,0.7999999999999999,0.4545454545454546,0.1176470588235294,0.5161290322580645,0.4705882352941176,Fatigue
0.3243243243243243,0.0546875,0.2338535866733714,0.4,0.2121212121212121,0.2352941176470588,0.4838709677419354,0.6470588235294118,Fatigue
0.8378378378378379,0.033203125,0.1822172467139156,0.88,0.5454545454545454,0.1764705882352941,0.5161290322580645,0.4411764705882353,Fatigue
0.0990990990990989,0.03515625,0.1875,0.2399999999999998,0.0606060606060605,0.1764705882352941,0.5806451612903225,0.4411764705882353,Fatigue
0.3603603603603604,0.033203125,0.1822172467139156,0.4800000000000001,0.2424242424242424,0.1764705882352941,0.6129032258064515,0.5882352941176471,Fatigue
0.6576576576576576,0.013671875,0.1169267933366857,0.7599999999999999,0.4242424242424243,0.1176470588235294,0.5483870967741935,0.4117647058823529,Fatigue
0.7567567567567568,0.1171875,0.3423265984407289,0.7599999999999999,0.5454545454545454,0.3529411764705882,0.4838709677419354,0.4117647058823529,Fatigue
0.9009009009009012,0.00390625,0.0625,1.0,0.5757575757575757,0.0588235294117647,0.5806451612903225,0.5294117647058824,Fatigue
0.783783783783784,0.015625,0.125,0.84,0.4848484848484848,0.1176470588235294,0.5483870967741935,0.5,Fatigue
0.8198198198198197,0.015625,0.125,0.88,0.5151515151515151,0.1176470588235294,0.5483870967741935,0.5294117647058824,Fatigue
0.7747747747747746,0.025390625,0.1593443597997745,0.84,0.5151515151515151,0.1764705882352941,0.5161290322580645,0.4411764705882353,Fatigue
0.7117117117117118,0.01953125,0.1397542485937369,0.7999999999999999,0.4545454545454546,0.1176470588235294,0.4838709677419354,0.4411764705882353,Fatigue
0.8468468468468469,0.029296875,0.1711632992203644,0.88,0.5454545454545454,0.1764705882352941,0.4516129032258064,0.4705882352941176,Fatigue
0.6486486486486487,0.07421875,0.2724311839712922,0.7200000000000001,0.4848484848484848,0.2941176470588235,0.6774193548387096,0.6176470588235294,Fatigue
0.4414414414414416,0.05859375,0.2420614591379636,0.5599999999999999,0.3333333333333332,0.2352941176470588,0.4193548387096774,0.5,Fatigue
0.9099099099099102,0.025390625,0.1593443597997745,0.96,0.606060606060606,0.1764705882352941,0.6129032258064515,0.5588235294117647,Fatigue
0.4594594594594594,0.005859375,0.0765465544619743,0.6,0.2727272727272727,0.0588235294117647,0.5806451612903225,0.5294117647058824,Fatigue
0.3963963963963963,0.0390625,0.1976423537605237,0.4800000000000001,0.2424242424242424,0.1764705882352941,0.5161290322580645,0.4705882352941176,Fatigue
0.8648648648648647,0.005859375,0.0765465544619743,0.96,0.5454545454545454,0.0588235294117647,0.5806451612903225,0.6176470588235294,Fatigue
0.6486486486486487,0.0546875,0.2338535866733714,0.7200000000000001,0.4545454545454546,0.2352941176470588,0.6774193548387096,0.9705882352941176,Fatigue
0.8018018018018018,0.029296875,0.1711632992203644,0.88,0.5454545454545454,0.1764705882352941,0.5806451612903225,0.5,Fatigue
0.4594594594594594,0.005859375,0.0765465544619743,0.6,0.2727272727272727,0.0588235294117647,0.5806451612903225,0.5294117647058824,Fatigue
0.4324324324324324,0.052734375,0.2296396633859229,0.4800000000000001,0.2727272727272727,0.2352941176470588,0.5161290322580645,0.4117647058823529,Fatigue
0.1261261261261261,0.029296875,0.1711632992203644,0.2399999999999998,0.0606060606060605,0.1764705882352941,0.5806451612903225,0.5882352941176471,Fatigue
0.3873873873873872,0.0234374999999999,0.1530931089239486,0.4800000000000001,0.2424242424242424,0.1764705882352941,0.5483870967741935,0.4411764705882353,Fatigue
0.1801801801801803,0.013671875,0.1169267933366857,0.3199999999999999,0.0909090909090908,0.1176470588235294,0.5483870967741935,0.5,Fatigue
0.4864864864864866,0.068359375,0.2614562582918987,0.5599999999999999,0.3636363636363635,0.2941176470588235,0.5161290322580645,0.4117647058823529,Fatigue
0.6306306306306309,0.189453125,0.4352621336620039,0.5599999999999999,0.4545454545454546,0.4705882352941176,0.8064516129032258,0.6764705882352942,Fatigue
0.6846846846846848,0.044921875,0.2119478119726646,0.7599999999999999,0.4545454545454546,0.1764705882352941,0.5806451612903225,0.5294117647058824,Fatigue
0.4324324324324324,0.208984375,0.4571480886977436,0.4800000000000001,0.3939393939393938,0.4705882352941176,0.7741935483870968,0.7647058823529411,Fatigue
0.6756756756756759,0.052734375,0.2296396633859229,0.7599999999999999,0.4545454545454546,0.1764705882352941,0.6451612903225806,0.5882352941176471,Fatigue
0.1081081081081081,0.015625,0.125,0.2799999999999999,0.0606060606060605,0.1176470588235294,0.5806451612903225,0.4705882352941176,Fatigue
0.144144144144144,0.015625,0.125,0.2799999999999999,0.0606060606060605,0.1176470588235294,0.6129032258064515,0.6470588235294118,Fatigue
0.8558558558558562,0.013671875,0.1169267933366857,0.92,0.5454545454545454,0.1176470588235294,0.5161290322580645,0.3529411764705882,Fatigue
0.7747747747747746,0.015625,0.125,0.84,0.4848484848484848,0.1176470588235294,0.5483870967741935,0.5294117647058824,Fatigue
0.8018018018018018,0.048828125,0.2209708691207961,0.84,0.5454545454545454,0.2352941176470588,0.6129032258064515,0.6470588235294118,Fatigue
0.1981981981981984,0.015625,0.125,0.3199999999999999,0.0909090909090908,0.1176470588235294,0.6129032258064515,0.5588235294117647,Fatigue
0.3693693693693693,0.044921875,0.2119478119726646,0.44,0.2424242424242424,0.2352941176470588,0.4516129032258064,0.3823529411764705,Fatigue
0.882882882882883,0.00390625,0.0625,0.96,0.5454545454545454,0.0588235294117647,0.5806451612903225,0.5294117647058824,Fatigue
0.8558558558558562,0.013671875,0.1169267933366857,0.92,0.5454545454545454,0.1176470588235294,0.5806451612903225,0.5882352941176471,Fatigue
0.6216216216216217,0.01953125,0.1397542485937369,0.7200000000000001,0.3939393939393938,0.1176470588235294,0.5806451612903225,0.5294117647058824,Fatigue
0.1711711711711712,0.0390625,0.1976423537605237,0.2799999999999999,0.1212121212121211,0.2352941176470588,0.6129032258064515,0.5,Fatigue
0.1621621621621622,0.033203125,0.1822172467139156,0.2799999999999999,0.0909090909090908,0.1764705882352941,0.6129032258064515,0.5882352941176471,Fatigue
0.1081081081081081,0.015625,0.125,0.2799999999999999,0.0606060606060605,0.1176470588235294,0.5806451612903225,0.5882352941176471,Fatigue
0.8198198198198197,0.005859375,0.0765465544619743,0.92,0.5151515151515151,0.0588235294117647,0.5806451612903225,0.5,Fatigue
0.09009009009009,0.169921875,0.4122158111960288,0.12,0.0909090909090908,0.4117647058823529,0.4193548387096774,0.4411764705882353,Fatigue
0.2162162162162162,0.0,0.0,0.4,0.0909090909090908,0.0,0.5483870967741935,0.5882352941176471,Fatigue
0.6486486486486487,0.03515625,0.1875,0.7200000000000001,0.4242424242424243,0.1764705882352941,0.6129032258064515,0.5588235294117647,Fatigue
0.738738738738739,0.07421875,0.2724311839712922,0.7599999999999999,0.4848484848484848,0.2352941176470588,0.5483870967741935,0.4705882352941176,Fatigue
0.1621621621621622,0.00390625,0.0625,0.3199999999999999,0.0606060606060605,0.0588235294117647,0.5161290322580645,0.3823529411764705,Fatigue
0.4414414414414416,0.146484375,0.3827327723098717,0.4800000000000001,0.3636363636363635,0.4117647058823529,0.6451612903225806,0.5882352941176471,Fatigue
0.0810810810810811,0.048828125,0.2209708691207961,0.2,0.0606060606060605,0.2352941176470588,0.4193548387096774,0.3823529411764705,Fatigue
0.7027027027027026,0.052734375,0.229639663385923,0.7599999999999999,0.4848484848484848,0.2352941176470588,0.5161290322580645,0.4705882352941176,Fatigue
0.4684684684684685,0.015625,0.125,0.5599999999999999,0.2727272727272727,0.1176470588235294,0.5483870967741935,0.5588235294117647,Fatigue
0.8018018018018018,0.048828125,0.2209708691207961,0.84,0.5454545454545454,0.2352941176470588,0.6129032258064515,0.6470588235294118,Fatigue
0.4054054054054055,0.0234375,0.1530931089239486,0.5199999999999999,0.2727272727272727,0.1764705882352941,0.5483870967741935,0.5588235294117647,Fatigue
0.7747747747747746,0.044921875,0.2119478119726646,0.7999999999999999,0.5151515151515151,0.2352941176470588,0.6129032258064515,0.5588235294117647,Fatigue
0.0990990990990989,0.03515625,0.1875,0.2399999999999998,0.0606060606060605,0.1764705882352941,0.6129032258064515,0.5294117647058824,Fatigue
0.1171171171171172,0.052734375,0.2296396633859229,0.2,0.0606060606060605,0.2352941176470588,0.5483870967741935,0.3529411764705882,Fatigue
0.6936936936936939,0.15234375,0.3903123748999,0.64,0.4848484848484848,0.4117647058823529,0.7419354838709677,0.6764705882352942,Fatigue
0.3153153153153154,0.0234375,0.1530931089239486,0.44,0.2121212121212121,0.1764705882352941,0.5483870967741935,0.5,Fatigue
0.8108108108108112,0.08203125,0.28641098093474,0.7999999999999999,0.5454545454545454,0.2941176470588235,0.7096774193548386,0.8529411764705882,Fatigue
0.3063063063063063,0.009765625,0.0988211768802618,0.44,0.1818181818181816,0.1176470588235294,0.5161290322580645,0.5588235294117647,Fatigue
0.6126126126126126,0.00390625,0.0625,0.7200000000000001,0.3636363636363635,0.0588235294117647,0.5483870967741935,0.3529411764705882,Fatigue
0.4324324324324324,0.072265625,0.2688226645950821,0.5199999999999999,0.3333333333333332,0.2941176470588235,0.5806451612903225,0.4705882352941176,Fatigue
0.7207207207207209,0.0625,0.25,0.7999999999999999,0.5151515151515151,0.2352941176470588,0.4838709677419354,0.4411764705882353,Fatigue
0.7657657657657662,0.091796875,0.3029799910885206,0.7599999999999999,0.5454545454545454,0.3529411764705882,0.5161290322580645,0.4411764705882353,Fatigue
0.0090090090090089,0.19140625,0.4375,0.0,0.0303030303030302,0.4705882352941176,0.5161290322580645,0.4705882352941176,Fatigue
0.2072072072072071,0.0234375,0.1530931089239486,0.3199999999999999,0.1212121212121211,0.1764705882352941,0.5483870967741935,0.5294117647058824,Fatigue
0.4234234234234235,0.03515625,0.1875,0.5199999999999999,0.2727272727272727,0.1764705882352941,0.5483870967741935,0.5588235294117647,Fatigue
0.1171171171171172,0.013671875,0.1169267933366857,0.2799999999999999,0.0606060606060605,0.1176470588235294,0.5483870967741935,0.4411764705882353,Fatigue
0.6936936936936939,0.015625,0.125,0.7999999999999999,0.4545454545454546,0.1176470588235294,0.4838709677419354,0.3529411764705882,Fatigue
0.783783783783784,0.005859375,0.0765465544619743,0.88,0.4848484848484848,0.0588235294117647,0.5483870967741935,0.5588235294117647,Fatigue
0.7477477477477479,0.052734375,0.2296396633859229,0.7599999999999999,0.4848484848484848,0.2352941176470588,0.5806451612903225,0.5294117647058824,Fatigue
0.6576576576576576,0.013671875,0.1169267933366857,0.7599999999999999,0.4242424242424243,0.1176470588235294,0.5806451612903225,0.5294117647058824,Fatigue
0.8558558558558562,0.013671875,0.1169267933366857,0.92,0.5454545454545454,0.1176470588235294,0.4838709677419354,0.4411764705882353,Fatigue
0.144144144144144,0.03515625,0.1875,0.2799999999999999,0.0909090909090908,0.1764705882352941,0.4516129032258064,0.4411764705882353,Fatigue
0.1711711711711712,0.0390625,0.1976423537605237,0.2799999999999999,0.1212121212121211,0.2352941176470588,0.4838709677419354,0.4411764705882353,Fatigue
0.3063063063063063,0.068359375,0.2614562582918987,0.36,0.2121212121212121,0.2941176470588235,0.6129032258064515,0.5588235294117647,Fatigue
0.882882882882883,0.00390625,0.0625,0.96,0.5454545454545454,0.0588235294117647,0.5483870967741935,0.5882352941176471,Fatigue
0.783783783783784,0.025390625,0.1593443597997745,0.84,0.5151515151515151,0.1764705882352941,0.5483870967741935,0.5588235294117647,Fatigue
0.8558558558558562,0.013671875,0.1169267933366857,0.92,0.5454545454545454,0.1176470588235294,0.5161290322580645,0.5294117647058824,Fatigue
0.7117117117117118,0.0390625,0.1976423537605237,0.7599999999999999,0.4545454545454546,0.1764705882352941,0.6129032258064515,0.5294117647058824,Fatigue
0.4054054054054055,0.0332031249999999,0.1822172467139156,0.4800000000000001,0.2424242424242424,0.1764705882352941,0.5483870967741935,0.4411764705882353,Fatigue
0.4054054054054055,0.0332031249999999,0.1822172467139156,0.4800000000000001,0.2424242424242424,0.1764705882352941,0.6451612903225806,0.7352941176470589,Fatigue
0.144144144144144,0.064453125,0.2538762001448738,0.2399999999999998,0.0909090909090908,0.2352941176470588,0.6451612903225806,0.5588235294117647,Fatigue
0.6216216216216217,0.009765625,0.0988211768802618,0.7200000000000001,0.3939393939393938,0.1176470588235294,0.5483870967741935,0.5,Fatigue
0.4054054054054055,0.0332031249999999,0.1822172467139156,0.4800000000000001,0.2424242424242424,0.1764705882352941,0.5806451612903225,0.6764705882352942,Fatigue
0.6396396396396395,0.025390625,0.1593443597997745,0.7200000000000001,0.4242424242424243,0.1764705882352941,0.5161290322580645,0.4117647058823529,Fatigue
0.8018018018018018,0.09765625,0.3125000000000001,0.7599999999999999,0.5151515151515151,0.2941176470588235,0.3870967741935484,0.2647058823529412,Fatigue
0.6486486486486487,0.162109375,0.4026280852101602,0.64,0.4848484848484848,0.4117647058823529,0.4193548387096774,0.3235294117647059,Fatigue
0.4324324324324324,0.00390625,0.0625,0.5599999999999999,0.2424242424242424,0.0588235294117647,0.5806451612903225,0.7647058823529411,Fatigue
0.8558558558558562,0.013671875,0.1169267933366857,0.92,0.5454545454545454,0.1176470588235294,0.5806451612903225,0.5294117647058824,Fatigue
0.6846846846846848,0.025390625,0.1593443597997745,0.7599999999999999,0.4545454545454546,0.1764705882352941,0.5806451612903225,0.5588235294117647,Fatigue
0.6486486486486487,0.0546875,0.2338535866733714,0.7200000000000001,0.4545454545454546,0.2352941176470588,0.6774193548387096,0.9705882352941176,Fatigue
0.1801801801801803,0.013671875,0.1169267933366857,0.3199999999999999,0.0909090909090908,0.1176470588235294,0.4838709677419354,0.2352941176470588,Fatigue
0.873873873873874,0.005859375,0.0765465544619743,0.96,0.5454545454545454,0.0588235294117647,0.5483870967741935,0.4411764705882353,Fatigue
0.7117117117117118,0.048828125,0.2209708691207961,0.7599999999999999,0.4848484848484848,0.2352941176470588,0.6129032258064515,0.5588235294117647,Fatigue
0.5585585585585586,0.162109375,0.4026280852101602,0.6,0.4545454545454546,0.4117647058823529,0.4516129032258064,0.3823529411764705,Fatigue
0.4414414414414416,0.0,0.0,0.6,0.2424242424242424,0.0,0.5483870967741935,0.4705882352941176,Fatigue
0.2432432432432434,0.015625,0.125,0.4,0.1515151515151513,0.1176470588235294,0.5806451612903225,0.4705882352941176,Fatigue
0.8648648648648647,0.015625,0.125,0.92,0.5454545454545454,0.1176470588235294,0.4838709677419354,0.5,Fatigue
0.1621621621621622,0.0234375,0.1530931089239486,0.2799999999999999,0.0909090909090908,0.1764705882352941,0.4838709677419354,0.4411764705882353,Fatigue
0.4234234234234235,0.03515625,0.1875,0.5199999999999999,0.2727272727272727,0.1764705882352941,0.5483870967741935,0.5588235294117647,Fatigue
0.1891891891891892,0.025390625,0.1593443597997745,0.3199999999999999,0.1212121212121211,0.1764705882352941,0.5161290322580645,0.5,Fatigue
0.8558558558558562,0.013671875,0.1169267933366857,0.92,0.5454545454545454,0.1176470588235294,0.5806451612903225,0.6176470588235294,Fatigue
0.7747747747747746,0.044921875,0.2119478119726646,0.7999999999999999,0.5151515151515151,0.2352941176470588,0.5806451612903225,0.5,Fatigue
0.3783783783783785,0.03515625,0.1875,0.4800000000000001,0.2424242424242424,0.1764705882352941,0.5806451612903225,0.5,Fatigue
0.4144144144144144,0.3671875,0.6059599821770413,0.4,0.3636363636363635,0.5294117647058824,0.8064516129032258,0.9117647058823528,Fatigue
0.3243243243243243,0.044921875,0.2119478119726646,0.44,0.2424242424242424,0.2352941176470588,0.5483870967741935,0.4117647058823529,Fatigue
0.7207207207207209,0.0234375,0.1530931089239486,0.7999999999999999,0.4545454545454546,0.1176470588235294,0.6129032258064515,0.5882352941176471,Fatigue
0.3063063063063063,0.009765625,0.0988211768802618,0.44,0.1818181818181816,0.1176470588235294,0.5161290322580645,0.5588235294117647,Fatigue
0.1711711711711712,0.009765625,0.0988211768802618,0.3199999999999999,0.0909090909090908,0.1176470588235294,0.5161290322580645,0.5294117647058824,Fatigue
0.7297297297297296,0.064453125,0.2538762001448738,0.7599999999999999,0.4848484848484848,0.2352941176470588,0.4838709677419354,0.4411764705882353,Fatigue
0.7747747747747746,0.015625,0.125,0.84,0.4848484848484848,0.1176470588235294,0.5806451612903225,0.7058823529411764,Fatigue
0.1171171171171172,0.111328125,0.3336586953759785,0.2,0.1212121212121211,0.3529411764705882,0.3870967741935484,0.3529411764705882,Fatigue
0.1801801801801803,0.052734375,0.2296396633859229,0.2799999999999999,0.1212121212121211,0.2352941176470588,0.6451612903225806,0.5882352941176471,Fatigue
0.4504504504504507,0.00390625,0.0625,0.6,0.2727272727272727,0.0588235294117647,0.5806451612903225,0.5882352941176471,Fatigue
0.09009009009009,0.013671875,0.1169267933366857,0.2399999999999998,0.0303030303030302,0.1176470588235294,0.5806451612903225,0.4117647058823529,Fatigue
0.063063063063063,0.025390625,0.1593443597997745,0.2,0.0303030303030302,0.1764705882352941,0.6451612903225806,0.5,Fatigue
0.3603603603603604,0.0332031249999999,0.1822172467139156,0.44,0.2121212121212121,0.1764705882352941,0.6451612903225806,0.5588235294117647,Fatigue
0.8558558558558562,0.013671875,0.1169267933366857,0.92,0.5454545454545454,0.1176470588235294,0.5483870967741935,0.5294117647058824,Fatigue
0.1891891891891892,0.005859375,0.0765465544619743,0.36,0.0909090909090908,0.0588235294117647,0.5806451612903225,0.4705882352941176,Fatigue
0.3333333333333335,0.015625,0.125,0.4800000000000001,0.2121212121212121,0.1176470588235294,0.5483870967741935,0.3823529411764705,Fatigue
0.6756756756756759,0.0332031249999999,0.1822172467139156,0.7599999999999999,0.4545454545454546,0.1764705882352941,0.4838709677419354,0.4411764705882353,Fatigue
0.6666666666666667,0.029296875,0.1711632992203644,0.7599999999999999,0.4545454545454546,0.1764705882352941,0.5806451612903225,0.5,Fatigue
0.7027027027027026,0.052734375,0.2296396633859229,0.7599999999999999,0.4848484848484848,0.2352941176470588,0.6129032258064515,0.5294117647058824,Fatigue
0.144144144144144,0.015625,0.125,0.2799999999999999,0.0606060606060605,0.1176470588235294,0.5806451612903225,0.5294117647058824,Fatigue
0.3603603603603604,0.0234375,0.1530931089239486,0.4800000000000001,0.2121212121212121,0.1176470588235294,0.5483870967741935,0.088235294117647,Fatigue
0.7657657657657662,0.08203125,0.28641098093474,0.7999999999999999,0.5151515151515151,0.2352941176470588,0.4193548387096774,0.2941176470588235,Fatigue
0.6666666666666667,0.0,0.0,0.7999999999999999,0.3939393939393938,0.0,0.5483870967741935,0.5,Fatigue
0.8558558558558562,0.013671875,0.1169267933366857,0.92,0.5454545454545454,0.1176470588235294,0.5806451612903225,0.5294117647058824,Fatigue
0.8378378378378379,0.0332031249999999,0.1822172467139156,0.88,0.5454545454545454,0.1764705882352941,0.5806451612903225,0.6176470588235294,Fatigue
0.6486486486486487,0.015625,0.125,0.7599999999999999,0.4242424242424243,0.1176470588235294,0.5161290322580645,0.4411764705882353,Fatigue
0.1801801801801803,0.00390625,0.0625,0.36,0.0909090909090908,0.0588235294117647,0.5806451612903225,0.4411764705882353,Fatigue
0.4054054054054055,0.0234374999999999,0.1530931089239486,0.5199999999999999,0.2727272727272727,0.1764705882352941,0.5483870967741935,0.4705882352941176,Fatigue
0.1531531531531531,0.005859375,0.0765465544619743,0.3199999999999999,0.0606060606060605,0.0588235294117647,0.5483870967741935,0.4411764705882353,Fatigue
0.6666666666666667,0.01953125,0.1397542485937369,0.7599999999999999,0.4242424242424243,0.1176470588235294,0.6129032258064515,0.4705882352941176,Fatigue
0.6846846846846848,0.015625,0.125,0.7999999999999999,0.4545454545454546,0.1176470588235294,0.5483870967741935,0.4117647058823529,Fatigue
0.6666666666666667,0.029296875,0.1711632992203644,0.7599999999999999,0.4545454545454546,0.1764705882352941,0.5806451612903225,0.5,Fatigue
0.4954954954954957,0.0234375,0.1530931089239486,0.6,0.3333333333333332,0.1764705882352941,0.5483870967741935,0.5294117647058824,Fatigue
0.8918918918918919,0.0,0.0,1.0,0.5454545454545454,0.0,0.5483870967741935,0.4705882352941176,Fatigue
0.7477477477477479,0.033203125,0.1822172467139156,0.7999999999999999,0.4848484848484848,0.1764705882352941,0.5806451612903225,0.4117647058823529,Fatigue
0.8558558558558562,0.111328125,0.3336586953759786,0.7999999999999999,0.5757575757575757,0.3529411764705882,0.7096774193548386,0.7352941176470589,Fatigue
0.7207207207207209,0.052734375,0.2296396633859229,0.7999999999999999,0.4848484848484848,0.1764705882352941,0.5483870967741935,0.4117647058823529,Fatigue
0.7657657657657662,0.04296875,0.2072890493972125,0.7999999999999999,0.5151515151515151,0.2352941176470588,0.6129032258064515,0.5882352941176471,Fatigue
0.6396396396396395,0.4843750000000001,0.6959705453537529,0.64,0.6363636363636362,0.7058823529411764,0.5483870967741935,0.3823529411764705,Fatigue
0.3963963963963963,0.009765625,0.0988211768802618,0.5199999999999999,0.2424242424242424,0.1176470588235294,0.5161290322580645,0.4411764705882353,Fatigue
0.3513513513513513,0.0390625,0.1976423537605237,0.4800000000000001,0.2424242424242424,0.1764705882352941,0.4516129032258064,0.4117647058823529,Fatigue
0.7567567567567568,0.068359375,0.2614562582918987,0.7599999999999999,0.5151515151515151,0.2941176470588235,0.4838709677419354,0.4705882352941176,Fatigue
0.4054054054054055,0.0234374999999999,0.1530931089239486,0.5199999999999999,0.2727272727272727,0.1764705882352941,0.5483870967741935,0.5588235294117647,Fatigue
0.7657657657657662,0.08203125,0.28641098093474,0.7999999999999999,0.5151515151515151,0.2352941176470588,0.4193548387096774,0.2941176470588235,Fatigue
0.3333333333333335,0.015625,0.125,0.4800000000000001,0.2121212121212121,0.1176470588235294,0.5483870967741935,0.3823529411764705,Fatigue
0.3153153153153154,0.0234375,0.1530931089239486,0.44,0.2121212121212121,0.1764705882352941,0.6129032258064515,0.5,Fatigue
0.3513513513513513,0.01953125,0.1397542485937369,0.4800000000000001,0.2121212121212121,0.1176470588235294,0.5483870967741935,0.4705882352941176,Fatigue
0.6486486486486487,0.03515625,0.1875,0.7200000000000001,0.4242424242424243,0.1764705882352941,0.4838709677419354,0.5,Fatigue
0.7657657657657662,0.04296875,0.2072890493972125,0.7999999999999999,0.5151515151515151,0.2352941176470588,0.6129032258064515,0.5882352941176471,Fatigue
0.0810810810810811,0.146484375,0.3827327723098717,0.12,0.0909090909090908,0.4117647058823529,0.7741935483870968,0.7058823529411764,Fatigue
0.4234234234234235,0.0546875,0.2338535866733714,0.4800000000000001,0.2727272727272727,0.2352941176470588,0.5806451612903225,0.5294117647058824,Fatigue
0.738738738738739,0.064453125,0.2538762001448738,0.7599999999999999,0.5151515151515151,0.2941176470588235,0.5483870967741935,0.5294117647058824,Fatigue
0.4594594594594594,0.279296875,0.5284854539152428,0.44,0.3636363636363635,0.4705882352941176,0.2903225806451612,0.1764705882352941,Fatigue
0.7567567567567568,0.068359375,0.2614562582918987,0.7599999999999999,0.5151515151515151,0.2941176470588235,0.4838709677419354,0.4705882352941176,Fatigue
0.7027027027027026,0.0625,0.25,0.7999999999999999,0.5151515151515151,0.2352941176470588,0.5483870967741935,0.6176470588235294,Fatigue
0.8378378378378379,0.033203125,0.1822172467139156,0.88,0.5454545454545454,0.1764705882352941,0.5161290322580645,0.4411764705882353,Fatigue
0.738738738738739,0.03515625,0.1875,0.7999999999999999,0.4848484848484848,0.1764705882352941,0.4838709677419354,0.5294117647058824,Fatigue
0.4234234234234235,0.03515625,0.1875,0.5199999999999999,0.2727272727272727,0.1764705882352941,0.5483870967741935,0.5588235294117647,Fatigue
0.1621621621621622,0.08203125,0.28641098093474,0.2799999999999999,0.1515151515151513,0.2941176470588235,0.6451612903225806,0.6764705882352942,Fatigue
0.7657657657657662,0.0625,0.25,0.7999999999999999,0.5454545454545454,0.2941176470588235,0.4516129032258064,0.4117647058823529,Fatigue
0.3783783783783785,0.015625,0.125,0.5199999999999999,0.2424242424242424,0.1176470588235294,0.4838709677419354,0.4411764705882353,Fatigue
0.8468468468468469,0.009765625,0.0988211768802618,0.92,0.5454545454545454,0.1176470588235294,0.6129032258064515,0.5588235294117647,Fatigue
0.7117117117117118,0.029296875,0.1711632992203644,0.7999999999999999,0.4848484848484848,0.1764705882352941,0.5161290322580645,0.5,Fatigue
0.6576576576576576,0.0332031249999999,0.1822172467139156,0.7599999999999999,0.4545454545454546,0.1764705882352941,0.5483870967741935,0.5,Fatigue
0.882882882882883,0.00390625,0.0625,0.96,0.5454545454545454,0.0588235294117647,0.5483870967741935,0.5588235294117647,Fatigue
1.0000000000000002,0.9726562500000004,0.9862333648787192,0.96,1.0,0.9411764705882352,0.032258064516129,0.0294117647058823,Fatigue
0.2072072072072071,0.189453125,0.4352621336620039,0.2799999999999999,0.2424242424242424,0.4705882352941176,0.4516129032258064,0.4117647058823529,Fatigue
0.1621621621621622,0.0234375,0.1530931089239486,0.2799999999999999,0.0909090909090908,0.1764705882352941,0.4838709677419354,0.4411764705882353,Fatigue
0.6216216216216217,0.01953125,0.1397542485937369,0.7200000000000001,0.3939393939393938,0.1176470588235294,0.5483870967741935,0.4705882352941176,Fatigue
0.4774774774774775,0.04296875,0.2072890493972125,0.5599999999999999,0.3333333333333332,0.2352941176470588,0.5161290322580645,0.5294117647058824,Fatigue
0.144144144144144,0.015625,0.125,0.2799999999999999,0.0606060606060605,0.1176470588235294,0.5806451612903225,0.5882352941176471,Fatigue
0.3783783783783785,0.044921875,0.2119478119726646,0.44,0.2424242424242424,0.2352941176470588,0.5161290322580645,0.4705882352941176,Fatigue
0.1621621621621622,0.0039062499999999,0.0625,0.3199999999999999,0.0606060606060605,0.0588235294117647,0.5483870967741935,0.3529411764705882,Fatigue
0.6576576576576576,0.072265625,0.2688226645950821,0.7200000000000001,0.4848484848484848,0.2941176470588235,0.5161290322580645,0.5588235294117647,Fatigue
0.3963963963963963,0.01953125,0.1397542485937369,0.5199999999999999,0.2424242424242424,0.1176470588235294,0.5161290322580645,0.3235294117647059,Fatigue
0.5765765765765767,0.146484375,0.3827327723098717,0.6,0.4545454545454546,0.4117647058823529,0.7419354838709677,0.4705882352941176,Fatigue
0.5405405405405408,0.052734375,0.2296396633859229,0.6,0.3636363636363635,0.2352941176470588,0.5483870967741935,0.5294117647058824,Fatigue
0.1621621621621622,0.033203125,0.1822172467139156,0.2799999999999999,0.0909090909090908,0.1764705882352941,0.6129032258064515,0.5882352941176471,Fatigue
0.4144144144144144,0.044921875,0.2119478119726646,0.5199999999999999,0.2727272727272727,0.1764705882352941,0.5483870967741935,0.5294117647058824,Fatigue
0.7657657657657662,0.0332031249999999,0.1822172467139156,0.7999999999999999,0.4848484848484848,0.1764705882352941,0.5483870967741935,0.5,Fatigue
0.4864864864864866,0.029296875,0.1711632992203644,0.6,0.3333333333333332,0.1764705882352941,0.6451612903225806,0.6176470588235294,Fatigue
0.7747747747747746,0.025390625,0.1593443597997745,0.84,0.5151515151515151,0.1764705882352941,0.5161290322580645,0.4411764705882353,Fatigue
0.738738738738739,0.103515625,0.3217384419058439,0.7999999999999999,0.5454545454545454,0.2941176470588235,0.5483870967741935,0.5,Fatigue
0.1621621621621622,0.013671875,0.1169267933366857,0.3199999999999999,0.0909090909090908,0.1176470588235294,0.5806451612903225,0.5882352941176471,Fatigue
0.738738738738739,0.103515625,0.3217384419058439,0.7999999999999999,0.5454545454545454,0.2941176470588235,0.4516129032258064,0.3823529411764705,Fatigue
0.8468468468468469,0.01953125,0.1397542485937369,0.92,0.5454545454545454,0.1176470588235294,0.5483870967741935,0.4705882352941176,Fatigue
0.7117117117117118,0.029296875,0.1711632992203644,0.7999999999999999,0.4848484848484848,0.1764705882352941,0.5161290322580645,0.5,Fatigue
0.7927927927927929,0.013671875,0.1169267933366857,0.88,0.5151515151515151,0.1176470588235294,0.5806451612903225,0.5,Fatigue
0.4144144144144144,0.005859375,0.0765465544619743,0.5599999999999999,0.2424242424242424,0.0588235294117647,0.5806451612903225,0.5,Fatigue
0.1171171171171172,0.052734375,0.229639663385923,0.2399999999999998,0.0909090909090908,0.2352941176470588,0.5161290322580645,0.4411764705882353,Fatigue
0.7657657657657662,0.04296875,0.2072890493972125,0.7999999999999999,0.5151515151515151,0.2352941176470588,0.4838709677419354,0.4411764705882353,Fatigue
0.09009009009009,0.169921875,0.4122158111960288,0.12,0.0909090909090908,0.4117647058823529,0.4193548387096774,0.4411764705882353,Fatigue
0.6576576576576576,0.04296875,0.2072890493972125,0.7200000000000001,0.4545454545454546,0.2352941176470588,0.6129032258064515,0.5294117647058824,Fatigue
0.7297297297297296,0.103515625,0.3217384419058438,0.7599999999999999,0.5151515151515151,0.2941176470588235,0.3870967741935484,0.3235294117647059,Fatigue
0.7297297297297296,0.11328125,0.3365728004459066,0.7200000000000001,0.5151515151515151,0.3529411764705882,0.4838709677419354,0.4411764705882353,Fatigue
0.3063063063063063,0.05859375,0.2420614591379636,0.44,0.2424242424242424,0.2352941176470588,0.5483870967741935,0.4705882352941176,Fatigue
0.6756756756756759,0.0234374999999999,0.1530931089239486,0.7599999999999999,0.4545454545454546,0.1764705882352941,0.5806451612903225,0.5882352941176471,Fatigue
0.1711711711711712,0.029296875,0.1711632992203644,0.3199999999999999,0.1212121212121211,0.1764705882352941,0.5483870967741935,0.5,Fatigue
0.6306306306306309,0.0234375,0.1530931089239486,0.7200000000000001,0.3939393939393938,0.1176470588235294,0.6129032258064515,0.5294117647058824,Fatigue
0.7567567567567568,0.029296875,0.1711632992203644,0.7999999999999999,0.4848484848484848,0.1764705882352941,0.4516129032258064,0.4411764705882353,Fatigue
0.6936936936936939,0.181640625,0.4261931780308081,0.64,0.4848484848484848,0.4117647058823529,0.3225806451612902,0.1176470588235294,Fatigue
0.2972972972972971,0.052734375,0.2296396633859229,0.4,0.2121212121212121,0.2352941176470588,0.4838709677419354,0.4705882352941176,Fatigue
0.6486486486486487,0.044921875,0.2119478119726646,0.7200000000000001,0.4545454545454546,0.2352941176470588,0.6774193548387096,0.5882352941176471,Fatigue
0.783783783783784,0.03515625,0.1875,0.84,0.5151515151515151,0.1764705882352941,0.4516129032258064,0.4705882352941176,Fatigue
0.1261261261261261,0.068359375,0.2614562582918987,0.2399999999999998,0.0909090909090908,0.2352941176470588,0.5161290322580645,0.4411764705882353,Fatigue
0.09009009009009,0.013671875,0.1169267933366857,0.2399999999999998,0.0303030303030302,0.1176470588235294,0.5806451612903225,0.4117647058823529,Fatigue
0.1531531531531531,0.025390625,0.1593443597997745,0.2799999999999999,0.0909090909090908,0.1764705882352941,0.5806451612903225,0.6176470588235294,Fatigue
0.8468468468468469,0.009765625,0.0988211768802618,0.92,0.5454545454545454,0.1176470588235294,0.5483870967741935,0.5,Fatigue
0.6576576576576576,0.013671875,0.1169267933366857,0.7599999999999999,0.4242424242424243,0.1176470588235294,0.5806451612903225,0.5294117647058824,Fatigue
0.4504504504504507,0.0234375,0.1530931089239486,0.5599999999999999,0.2727272727272727,0.1176470588235294,0.6129032258064515,0.5294117647058824,Fatigue
0.8198198198198197,0.025390625,0.1593443597997745,0.88,0.5454545454545454,0.1764705882352941,0.5161290322580645,0.4117647058823529,Fatigue
0.7567567567567568,0.009765625,0.0988211768802618,0.84,0.4848484848484848,0.1176470588235294,0.5483870967741935,0.5294117647058824,Fatigue
0.7657657657657662,0.072265625,0.2688226645950821,0.7999999999999999,0.5454545454545454,0.2941176470588235,0.6451612903225806,0.5882352941176471,Fatigue
0.1711711711711712,0.009765625,0.0988211768802618,0.3199999999999999,0.0909090909090908,0.1176470588235294,0.5806451612903225,0.5,Fatigue
0.1621621621621622,0.013671875,0.1169267933366857,0.3199999999999999,0.0909090909090908,0.1176470588235294,0.5483870967741935,0.4117647058823529,Fatigue
0.144144144144144,0.064453125,0.2538762001448738,0.2399999999999998,0.0909090909090908,0.2352941176470588,0.6774193548387096,0.6176470588235294,Fatigue
0.063063063063063,0.025390625,0.1593443597997745,0.2,0.0303030303030302,0.1764705882352941,0.6451612903225806,0.5,Fatigue
0.0720720720720722,0.013671875,0.1169267933366857,0.2399999999999998,0.0303030303030302,0.1176470588235294,0.5806451612903225,0.4705882352941176,Fatigue
0.3063063063063063,0.087890625,0.2964635306407856,0.36,0.2121212121212121,0.2941176470588235,0.5483870967741935,0.5,Fatigue
0.8468468468468469,0.0390625,0.1976423537605237,0.88,0.5454545454545454,0.1764705882352941,0.5483870967741935,0.5,Fatigue
0.8648648648648647,0.005859375,0.0765465544619743,0.96,0.5454545454545454,0.0588235294117647,0.5806451612903225,0.6176470588235294,Fatigue
0.7747747747747746,0.005859375,0.0765465544619743,0.88,0.4848484848484848,0.0588235294117647,0.5483870967741935,0.5,Fatigue
0.2072072072072071,0.0234375,0.1530931089239486,0.3199999999999999,0.1212121212121211,0.1764705882352941,0.5483870967741935,0.5294117647058824,Fatigue
0.3063063063063063,0.078125,0.2795084971874738,0.36,0.2121212121212121,0.2941176470588235,0.6774193548387096,0.5882352941176471,Fatigue
0.0810810810810811,0.01953125,0.1397542485937369,0.2399999999999998,0.0303030303030302,0.1176470588235294,0.5161290322580645,0.4705882352941176,Fatigue
0.7027027027027026,0.013671875,0.1169267933366857,0.7999999999999999,0.4545454545454546,0.1176470588235294,0.5483870967741935,0.4705882352941176,Fatigue
0.783783783783784,0.015625,0.125,0.88,0.5151515151515151,0.1176470588235294,0.5806451612903225,0.5,Fatigue
0.09009009009009,0.013671875,0.1169267933366857,0.2399999999999998,0.0303030303030302,0.1176470588235294,0.5483870967741935,0.5,Fatigue
0.0,0.1796875,0.4238956239453293,0.0,0.0303030303030302,0.4705882352941176,0.4838709677419354,0.5,Fatigue
0.7927927927927929,0.0332031249999999,0.1822172467139156,0.88,0.5454545454545454,0.1764705882352941,0.5483870967741935,0.4705882352941176,Fatigue
0.2342342342342342,0.103515625,0.3217384419058439,0.2799999999999999,0.1515151515151513,0.2941176470588235,0.4516129032258064,0.3823529411764705,Fatigue
0.1171171171171172,0.052734375,0.2296396633859229,0.2,0.0606060606060605,0.2352941176470588,0.5806451612903225,0.5294117647058824,Fatigue
0.7927927927927929,0.033203125,0.1822172467139156,0.88,0.5454545454545454,0.1764705882352941,0.5806451612903225,0.5294117647058824,Fatigue
0.1081081081081081,0.044921875,0.2119478119726646,0.2399999999999998,0.0606060606060605,0.1764705882352941,0.6451612903225806,0.5294117647058824,Fatigue
0.6576576576576576,0.0234375,0.1530931089239486,0.7599999999999999,0.4242424242424243,0.1176470588235294,0.5483870967741935,0.5588235294117647,Fatigue
0.8558558558558562,0.013671875,0.1169267933366857,0.92,0.5454545454545454,0.1176470588235294,0.5806451612903225,0.5882352941176471,Fatigue
0.6846846846846848,0.015625,0.125,0.7599999999999999,0.4242424242424243,0.1176470588235294,0.5483870967741935,0.4117647058823529,Fatigue
0.063063063063063,0.025390625,0.1593443597997745,0.2,0.0303030303030302,0.1764705882352941,0.6451612903225806,0.5,Fatigue
0.3423423423423422,0.0332031249999999,0.1822172467139156,0.44,0.2121212121212121,0.1764705882352941,0.5483870967741935,0.5588235294117647,Fatigue
0.7477477477477479,0.0332031249999999,0.1822172467139156,0.7999999999999999,0.4848484848484848,0.1764705882352941,0.6451612903225806,0.6764705882352942,Fatigue
0.4864864864864866,0.068359375,0.2614562582918987,0.5599999999999999,0.3636363636363635,0.2941176470588235,0.5161290322580645,0.4117647058823529,Fatigue
0.4144144144144144,0.044921875,0.2119478119726646,0.4800000000000001,0.2727272727272727,0.2352941176470588,0.4516129032258064,0.4117647058823529,Fatigue
0.4774774774774775,0.12109375,0.3479852726768765,0.5599999999999999,0.3939393939393938,0.3529411764705882,0.5806451612903225,0.4411764705882353,Fatigue
0.6486486486486487,0.07421875,0.2724311839712922,0.7200000000000001,0.4848484848484848,0.2941176470588235,0.6774193548387096,0.6176470588235294,Fatigue
0.7027027027027026,0.0332031249999999,0.1822172467139156,0.7999999999999999,0.4848484848484848,0.1764705882352941,0.5483870967741935,0.4117647058823529,Fatigue
0.8198198198198197,0.025390625,0.1593443597997745,0.88,0.5454545454545454,0.1764705882352941,0.6129032258064515,0.5588235294117647,Fatigue
0.7297297297297296,0.025390625,0.1593443597997745,0.7999999999999999,0.4848484848484848,0.1764705882352941,0.6129032258064515,0.5294117647058824,Fatigue
0.7657657657657662,0.04296875,0.2072890493972125,0.7999999999999999,0.5151515151515151,0.2352941176470588,0.6451612903225806,0.5588235294117647,Fatigue
0.927927927927928,0.052734375,0.2296396633859229,0.96,0.6363636363636362,0.2352941176470588,0.5161290322580645,0.3823529411764705,Fatigue
0.6846846846846848,0.044921875,0.2119478119726646,0.7599999999999999,0.4545454545454546,0.1764705882352941,0.5483870967741935,0.5294117647058824,Fatigue
0.0990990990990989,0.025390625,0.1593443597997745,0.2399999999999998,0.0606060606060605,0.1764705882352941,0.5483870967741935,0.5294117647058824,Fatigue
0.6216216216216217,0.01953125,0.1397542485937369,0.7200000000000001,0.3939393939393938,0.1176470588235294,0.5806451612903225,0.5294117647058824,Fatigue
0.0090090090090089,0.0546875,0.2338535866733714,0.16,0.0303030303030302,0.2352941176470588,0.5806451612903225,0.5294117647058824,Fatigue
0.6486486486486487,0.181640625,0.4261931780308081,0.64,0.4848484848484848,0.4117647058823529,0.7741935483870968,0.7058823529411764,Fatigue
0.1891891891891892,0.2109375,0.4592793267718459,0.2799999999999999,0.2424242424242424,0.4705882352941176,0.2903225806451612,0.3235294117647059,Fatigue
0.3243243243243243,0.0546875,0.2338535866733714,0.44,0.2424242424242424,0.2352941176470588,0.6129032258064515,0.4705882352941176,Fatigue
0.6216216216216217,0.068359375,0.2614562582918987,0.64,0.4242424242424243,0.2941176470588235,0.4516129032258064,0.2647058823529412,Fatigue
0.4054054054054055,0.0234374999999999,0.1530931089239486,0.5199999999999999,0.2727272727272727,0.1764705882352941,0.5483870967741935,0.4705882352941176,Fatigue
0.7657657657657662,0.072265625,0.2688226645950821,0.7599999999999999,0.5151515151515151,0.2941176470588235,0.5483870967741935,0.4117647058823529,Fatigue
0.09009009009009,0.0234375,0.1530931089239486,0.2399999999999998,0.0606060606060605,0.1764705882352941,0.5483870967741935,0.5,Fatigue
0.4504504504504507,0.00390625,0.0625,0.6,0.2727272727272727,0.0588235294117647,0.5806451612903225,0.6470588235294118,Fatigue
0.783783783783784,0.103515625,0.3217384419058439,0.7599999999999999,0.5454545454545454,0.3529411764705882,0.6129032258064515,0.5,Fatigue
0.8198198198198197,0.005859375,0.0765465544619743,0.92,0.5151515151515151,0.0588235294117647,0.5806451612903225,0.5,Fatigue
0.6846846846846848,0.015625,0.125,0.7999999999999999,0.4545454545454546,0.1176470588235294,0.4838709677419354,0.4117647058823529,Fatigue
0.1801801801801803,0.0234375,0.1530931089239486,0.3199999999999999,0.1212121212121211,0.1764705882352941,0.6129032258064515,0.6764705882352942,Fatigue
0.4324324324324324,0.00390625,0.0625,0.5599999999999999,0.2424242424242424,0.0588235294117647,0.5806451612903225,0.7647058823529411,Fatigue
0.4414414414414416,0.13671875,0.3697549864437261,0.4800000000000001,0.3636363636363635,0.4117647058823529,0.3870967741935484,0.4705882352941176,Fatigue
0.3963963963963963,0.126953125,0.3563048203434806,0.44,0.3333333333333332,0.4117647058823529,0.6451612903225806,0.5882352941176471,Fatigue
0.7027027027027026,0.052734375,0.2296396633859229,0.7599999999999999,0.4848484848484848,0.2352941176470588,0.5161290322580645,0.3823529411764705,Fatigue
0.144144144144144,0.015625,0.125,0.2799999999999999,0.0606060606060605,0.1176470588235294,0.6129032258064515,0.6470588235294118,Fatigue
0.7297297297297296,0.005859375,0.0765465544619743,0.84,0.4545454545454546,0.0588235294117647,0.5806451612903225,0.4117647058823529,Fatigue
0.7747747747747746,0.025390625,0.1593443597997745,0.84,0.5151515151515151,0.1764705882352941,0.5161290322580645,0.4411764705882353,Fatigue
0.2882882882882884,0.0546875,0.2338535866733714,0.4,0.2121212121212121,0.2352941176470588,0.4193548387096774,0.3529411764705882,Fatigue
0.7297297297297296,0.07421875,0.2724311839712922,0.7999999999999999,0.5151515151515151,0.2352941176470588,0.4193548387096774,0.3823529411764705,Fatigue
0.1621621621621622,0.0039062499999999,0.0625,0.3199999999999999,0.0606060606060605,0.0588235294117647,0.5483870967741935,0.3529411764705882,Fatigue
0.7477477477477479,0.0234375,0.1530931089239486,0.7999999999999999,0.4848484848484848,0.1764705882352941,0.5806451612903225,0.5588235294117647,Fatigue
0.7027027027027026,0.052734375,0.229639663385923,0.7599999999999999,0.4545454545454546,0.1764705882352941,0.4516129032258064,0.3823529411764705,Fatigue
0.6396396396396395,0.025390625,0.1593443597997745,0.7200000000000001,0.4242424242424243,0.1764705882352941,0.5806451612903225,0.6470588235294118,Fatigue
0.3873873873873872,0.033203125,0.1822172467139156,0.4800000000000001,0.2424242424242424,0.1764705882352941,0.5161290322580645,0.3529411764705882,Fatigue
0.7567567567567568,0.009765625,0.0988211768802618,0.84,0.4848484848484848,0.1176470588235294,0.5806451612903225,0.4411764705882353,Fatigue
0.8648648648648647,0.005859375,0.0765465544619743,0.96,0.5454545454545454,0.0588235294117647,0.5806451612903225,0.6176470588235294,Fatigue
0.7657657657657662,0.0625,0.25,0.7999999999999999,0.5454545454545454,0.2941176470588235,0.4516129032258064,0.4117647058823529,Fatigue
0.7927927927927929,0.00390625,0.0625,0.88,0.4848484848484848,0.0588235294117647,0.5483870967741935,0.5294117647058824,Fatigue
0.0720720720720722,0.1015625,0.3186887195995491,0.16,0.0606060606060605,0.2941176470588235,0.3870967741935484,0.2647058823529412,Fatigue
0.6936936936936939,0.015625,0.125,0.7999999999999999,0.4545454545454546,0.1176470588235294,0.5161290322580645,0.4117647058823529,Fatigue
0.0090090090090089,0.083984375,0.2898005779842408,0.12,0.0303030303030302,0.2941176470588235,0.6774193548387096,0.7058823529411764,Fatigue
0.3603603603603604,0.0234375,0.1530931089239486,0.4800000000000001,0.2121212121212121,0.1176470588235294,0.5483870967741935,0.088235294117647,Fatigue
0.7027027027027026,0.013671875,0.1169267933366857,0.7999999999999999,0.4545454545454546,0.1176470588235294,0.5483870967741935,0.4705882352941176,Fatigue
0.783783783783784,0.005859375,0.0765465544619743,0.88,0.4848484848484848,0.0588235294117647,0.5161290322580645,0.6470588235294118,Fatigue
0.7927927927927929,0.013671875,0.1169267933366857,0.88,0.5151515151515151,0.1176470588235294,0.6129032258064515,0.6764705882352942,Fatigue
0.6846846846846848,0.025390625,0.1593443597997745,0.7599999999999999,0.4545454545454546,0.1764705882352941,0.5806451612903225,0.5294117647058824,Fatigue
0.1801801801801803,0.013671875,0.1169267933366857,0.3199999999999999,0.0909090909090908,0.1176470588235294,0.5806451612903225,0.5588235294117647,Fatigue
0.7297297297297296,0.103515625,0.3217384419058438,0.7599999999999999,0.5151515151515151,0.2941176470588235,0.3870967741935484,0.3235294117647059,Fatigue
0.4234234234234235,0.03515625,0.1875,0.5199999999999999,0.2727272727272727,0.1764705882352941,0.5483870967741935,0.4411764705882353,Fatigue
0.7297297297297296,0.03515625,0.1875,0.7599999999999999,0.4545454545454546,0.1764705882352941,0.6451612903225806,0.5294117647058824,Fatigue
0.6216216216216217,0.01953125,0.1397542485937369,0.7200000000000001,0.3939393939393938,0.1176470588235294,0.5483870967741935,0.4705882352941176,Fatigue
0.2252252252252253,0.0332031249999999,0.1822172467139156,0.36,0.1515151515151513,0.1764705882352941,0.6129032258064515,0.6764705882352942,Fatigue
0.063063063063063,0.07421875,0.2724311839712922,0.16,0.0606060606060605,0.2941176470588235,0.5161290322580645,0.4117647058823529,Fatigue
0.3333333333333335,0.0546875,0.2338535866733714,0.4,0.2121212121212121,0.2352941176470588,0.6774193548387096,0.5882352941176471,Fatigue
0.6936936936936939,0.03515625,0.1875,0.7999999999999999,0.4848484848484848,0.1764705882352941,0.6451612903225806,0.5294117647058824,Fatigue
0.6936936936936939,0.0546875,0.2338535866733714,0.7200000000000001,0.4545454545454546,0.2352941176470588,0.4193548387096774,0.3823529411764705,Fatigue
0.7567567567567568,0.087890625,0.2964635306407856,0.7599999999999999,0.5454545454545454,0.3529411764705882,0.6451612903225806,0.5882352941176471,Fatigue
0.7207207207207209,0.0625,0.25,0.7999999999999999,0.5151515151515151,0.2352941176470588,0.4838709677419354,0.4411764705882353,Fatigue
0.0090090090090089,0.025390625,0.1593443597997745,0.16,0.0,0.1764705882352941,0.5483870967741935,0.3823529411764705,Fatigue
0.5855855855855858,0.140625,0.3750000000000001,0.64,0.4545454545454546,0.3529411764705882,0.7419354838709677,0.5294117647058824,Fatigue
0.4414414414414416,0.05859375,0.2420614591379636,0.5599999999999999,0.3333333333333332,0.2352941176470588,0.4193548387096774,0.5,Fatigue
0.3333333333333335,0.03515625,0.1875,0.44,0.2121212121212121,0.1764705882352941,0.4516129032258064,0.4411764705882353,Fatigue
0.1171171171171172,0.052734375,0.229639663385923,0.2399999999999998,0.0909090909090908,0.2352941176470588,0.6451612903225806,0.4411764705882353,Fatigue
0.6936936936936939,0.15234375,0.3903123748999,0.64,0.4848484848484848,0.4117647058823529,0.4838709677419354,0.2058823529411764,Fatigue
0.8468468468468469,0.009765625,0.0988211768802618,0.92,0.5454545454545454,0.1176470588235294,0.6129032258064515,0.5588235294117647,Fatigue
0.7747747747747746,0.015625,0.125,0.84,0.4848484848484848,0.1176470588235294,0.6129032258064515,0.5588235294117647,Fatigue
0.783783783783784,0.0546875,0.2338535866733714,0.7999999999999999,0.5151515151515151,0.2352941176470588,0.5161290322580645,0.3823529411764705,Fatigue
0.3333333333333335,0.03515625,0.1875,0.44,0.2121212121212121,0.1764705882352941,0.6451612903225806,0.5294117647058824,Fatigue
0.0810810810810811,0.048828125,0.2209708691207961,0.2,0.0606060606060605,0.2352941176470588,0.6129032258064515,0.5294117647058824,Fatigue
0.6666666666666667,0.009765625,0.0988211768802618,0.7599999999999999,0.4242424242424243,0.1176470588235294,0.5161290322580645,0.4411764705882353,Fatigue
0.4864864864864866,0.107421875,0.3277527650531724,0.5599999999999999,0.3939393939393938,0.3529411764705882,0.5806451612903225,0.6176470588235294,Fatigue
0.3513513513513513,0.126953125,0.3563048203434806,0.4,0.2727272727272727,0.3529411764705882,0.4516129032258064,0.3823529411764705,Fatigue
0.4504504504504507,0.091796875,0.3029799910885206,0.4800000000000001,0.3333333333333332,0.3529411764705882,0.6774193548387096,0.6176470588235294,Fatigue
0.8648648648648647,0.015625,0.125,0.92,0.5454545454545454,0.1176470588235294,0.4838709677419354,0.5,Fatigue
0.4504504504504507,0.013671875,0.1169267933366857,0.5599999999999999,0.2727272727272727,0.1176470588235294,0.5806451612903225,0.4705882352941176,Fatigue
0.7027027027027026,0.033203125,0.1822172467139156,0.7599999999999999,0.4545454545454546,0.1764705882352941,0.5806451612903225,0.5294117647058824,Fatigue
0.7747747747747746,0.044921875,0.2119478119726646,0.84,0.5151515151515151,0.1764705882352941,0.6451612903225806,0.5588235294117647,Fatigue
0.4864864864864866,0.107421875,0.3277527650531724,0.5599999999999999,0.3939393939393938,0.3529411764705882,0.3548387096774193,0.3529411764705882,Fatigue
0.3783783783783785,0.015625,0.125,0.4800000000000001,0.2121212121212121,0.1176470588235294,0.5483870967741935,0.4411764705882353,Fatigue
0.7747747747747746,0.044921875,0.2119478119726646,0.84,0.5454545454545454,0.2352941176470588,0.5483870967741935,0.5294117647058824,Fatigue
0.7297297297297296,0.064453125,0.2538762001448738,0.7599999999999999,0.5151515151515151,0.2941176470588235,0.4516129032258064,0.2941176470588235,Fatigue
0.3873873873873872,0.04296875,0.2072890493972125,0.4800000000000001,0.2727272727272727,0.2352941176470588,0.4838709677419354,0.4705882352941176,Fatigue
0.7747747747747746,0.015625,0.125,0.88,0.5151515151515151,0.1176470588235294,0.6129032258064515,0.5588235294117647,Fatigue
0.7747747747747746,0.005859375,0.0765465544619743,0.88,0.4848484848484848,0.0588235294117647,0.5483870967741935,0.5,Fatigue
0.927927927927928,0.013671875,0.1169267933366857,1.0,0.606060606060606,0.1176470588235294,0.5483870967741935,0.4705882352941176,Fatigue
0.7927927927927929,0.072265625,0.2688226645950821,0.7999999999999999,0.5454545454545454,0.2941176470588235,0.5161290322580645,0.2941176470588235,Fatigue
0.6666666666666667,0.048828125,0.2209708691207961,0.7200000000000001,0.4545454545454546,0.2352941176470588,0.4193548387096774,0.4117647058823529,Fatigue
0.7927927927927929,0.013671875,0.1169267933366857,0.88,0.5151515151515151,0.1176470588235294,0.5161290322580645,0.4705882352941176,Fatigue
0.6846846846846848,0.181640625,0.4261931780308081,0.64,0.5151515151515151,0.4705882352941176,0.7096774193548386,0.6176470588235294,Fatigue
0.882882882882883,0.00390625,0.0625,0.96,0.5454545454545454,0.0588235294117647,0.5483870967741935,0.5,Fatigue
0.7927927927927929,0.052734375,0.2296396633859229,0.84,0.5454545454545454,0.2352941176470588,0.6451612903225806,0.5588235294117647,Fatigue
0.3873873873873872,0.189453125,0.4352621336620039,0.44,0.3333333333333332,0.4117647058823529,0.6129032258064515,0.5,Fatigue
0.3603603603603604,0.033203125,0.1822172467139156,0.44,0.2121212121212121,0.1764705882352941,0.4516129032258064,0.3235294117647059,Fatigue
0.873873873873874,0.005859375,0.0765465544619743,0.96,0.5454545454545454,0.0588235294117647,0.5483870967741935,0.4411764705882353,Fatigue
0.1351351351351351,0.013671875,0.1169267933366857,0.2799999999999999,0.0606060606060605,0.1176470588235294,0.5483870967741935,0.5,Fatigue
0.1171171171171172,0.052734375,0.229639663385923,0.2399999999999998,0.0909090909090908,0.2352941176470588,0.5161290322580645,0.4411764705882353,Fatigue
0.6126126126126126,0.130859375,0.3617449032121946,0.6,0.4545454545454546,0.4117647058823529,0.7096774193548386,0.6470588235294118,Fatigue
0.063063063063063,0.044921875,0.2119478119726646,0.16,0.0303030303030302,0.2352941176470588,0.6451612903225806,0.4705882352941176,Fatigue
0.3963963963963963,0.009765625,0.0988211768802618,0.5199999999999999,0.2424242424242424,0.1176470588235294,0.5806451612903225,0.5588235294117647,Fatigue
0.144144144144144,0.015625,0.125,0.2799999999999999,0.0606060606060605,0.1176470588235294,0.5806451612903225,0.4411764705882353,Fatigue
0.8198198198198197,0.025390625,0.1593443597997745,0.88,0.5454545454545454,0.1764705882352941,0.6129032258064515,0.5588235294117647,Fatigue
0.4054054054054055,0.00390625,0.0625,0.5599999999999999,0.2424242424242424,0.0588235294117647,0.5483870967741935,0.4705882352941176,Fatigue
0.738738738738739,0.025390625,0.1593443597997745,0.7999999999999999,0.4848484848484848,0.1764705882352941,0.6129032258064515,0.6176470588235294,Fatigue
0.6396396396396395,0.025390625,0.1593443597997745,0.7200000000000001,0.4242424242424243,0.1764705882352941,0.5806451612903225,0.6470588235294118,Fatigue
0.7477477477477479,0.072265625,0.2688226645950821,0.7999999999999999,0.5454545454545454,0.2941176470588235,0.5483870967741935,0.5,Fatigue
0.5045045045045045,0.0546875,0.2338535866733714,0.5599999999999999,0.3333333333333332,0.2352941176470588,0.5483870967741935,0.5,Fatigue
0.4324324324324324,0.013671875,0.1169267933366857,0.5599999999999999,0.2727272727272727,0.1176470588235294,0.5483870967741935,0.5588235294117647,Fatigue
0.1171171171171172,0.052734375,0.229639663385923,0.2,0.0606060606060605,0.2352941176470588,0.6774193548387096,0.7058823529411764,Fatigue
0.6846846846846848,0.044921875,0.2119478119726646,0.7599999999999999,0.4545454545454546,0.1764705882352941,0.4516129032258064,0.5,Fatigue
0.8108108108108112,0.033203125,0.1822172467139156,0.88,0.5454545454545454,0.1764705882352941,0.5161290322580645,0.4117647058823529,Fatigue
0.7657657657657662,0.1015625,0.3186887195995491,0.7999999999999999,0.5454545454545454,0.2941176470588235,0.4838709677419354,0.4411764705882353,Fatigue
0.3063063063063063,0.029296875,0.1711632992203644,0.44,0.2121212121212121,0.1764705882352941,0.5483870967741935,0.4705882352941176,Fatigue
0.2702702702702704,0.052734375,0.2296396633859229,0.4,0.2121212121212121,0.2352941176470588,0.5806451612903225,0.5588235294117647,Fatigue
0.1621621621621622,0.013671875,0.1169267933366857,0.3199999999999999,0.0909090909090908,0.1176470588235294,0.5483870967741935,0.5294117647058824,Fatigue
0.7117117117117118,0.029296875,0.1711632992203644,0.7999999999999999,0.4848484848484848,0.1764705882352941,0.5161290322580645,0.5,Fatigue
0.7567567567567568,0.01953125,0.1397542485937369,0.84,0.4848484848484848,0.1176470588235294,0.6129032258064515,0.5,Fatigue
0.4504504504504507,0.00390625,0.0625,0.6,0.2727272727272727,0.0588235294117647,0.5806451612903225,0.6470588235294118,Fatigue
0.8108108108108112,0.0234374999999999,0.1530931089239486,0.88,0.5454545454545454,0.1764705882352941,0.4838709677419354,0.4411764705882353,Fatigue
0.1081081081081081,0.044921875,0.2119478119726646,0.2399999999999998,0.0606060606060605,0.1764705882352941,0.6129032258064515,0.6470588235294118,Fatigue
0.5765765765765767,0.6250000000000001,0.7905694150420951,0.5599999999999999,0.6363636363636362,0.8235294117647058,1.0,0.9117647058823528,Fatigue
0.783783783783784,0.025390625,0.1593443597997745,0.84,0.5151515151515151,0.1764705882352941,0.5483870967741935,0.5588235294117647,Fatigue
0.7747747747747746,0.005859375,0.0765465544619743,0.88,0.4848484848484848,0.0588235294117647,0.5161290322580645,0.5,Fatigue
0.7297297297297296,0.005859375,0.0765465544619743,0.84,0.4545454545454546,0.0588235294117647,0.5806451612903225,0.4117647058823529,Fatigue
0.3873873873873872,0.033203125,0.1822172467139156,0.4800000000000001,0.2424242424242424,0.1764705882352941,0.6129032258064515,0.5294117647058824,Fatigue
0.7567567567567568,0.029296875,0.1711632992203644,0.84,0.5151515151515151,0.1764705882352941,0.5483870967741935,0.4411764705882353,Fatigue
0.4954954954954957,0.12109375,0.3479852726768765,0.5199999999999999,0.3939393939393938,0.4117647058823529,0.6451612903225806,0.5882352941176471,Fatigue
0.1351351351351351,0.0234375,0.1530931089239486,0.2799999999999999,0.0606060606060605,0.1176470588235294,0.4838709677419354,0.5,Fatigue
0.4504504504504507,0.013671875,0.1169267933366857,0.5599999999999999,0.2727272727272727,0.1176470588235294,0.5806451612903225,0.4411764705882353,Fatigue
0.8918918918918919,0.05859375,0.2420614591379636,0.96,0.6363636363636362,0.2352941176470588,0.4193548387096774,0.2941176470588235,Fatigue
0.6486486486486487,0.015625,0.125,0.7599999999999999,0.4242424242424243,0.1176470588235294,0.5806451612903225,0.5294117647058824,Fatigue
0.3153153153153154,0.0234375,0.1530931089239486,0.44,0.2121212121212121,0.1764705882352941,0.6129032258064515,0.5,Fatigue
0.3963963963963963,0.01953125,0.1397542485937369,0.5199999999999999,0.2424242424242424,0.1176470588235294,0.5161290322580645,0.3235294117647059,Fatigue
0.6486486486486487,0.0546875,0.2338535866733714,0.7200000000000001,0.4545454545454546,0.2352941176470588,0.5483870967741935,0.4705882352941176,Fatigue
0.8378378378378379,0.0234375,0.1530931089239486,0.88,0.5454545454545454,0.1764705882352941,0.4516129032258064,0.4411764705882353,Fatigue
0.7747747747747746,0.005859375,0.0765465544619743,0.88,0.4848484848484848,0.0588235294117647,0.5161290322580645,0.5,Fatigue
0.1261261261261261,0.01953125,0.1397542485937369,0.2799999999999999,0.0606060606060605,0.1176470588235294,0.6129032258064515,0.5294117647058824,Fatigue
0.6396396396396395,0.4843750000000001,0.6959705453537529,0.64,0.6363636363636362,0.7058823529411764,0.1612903225806451,0.0588235294117647,Fatigue
0.7657657657657662,0.04296875,0.2072890493972125,0.7999999999999999,0.5151515151515151,0.2352941176470588,0.5806451612903225,0.5,Fatigue
0.4054054054054055,0.04296875,0.2072890493972125,0.4800000000000001,0.2727272727272727,0.2352941176470588,0.4838709677419354,0.6176470588235294,Fatigue
0.09009009009009,0.013671875,0.1169267933366857,0.2399999999999998,0.0303030303030302,0.1176470588235294,0.5483870967741935,0.5,Fatigue
0.6756756756756759,0.00390625,0.0625,0.7999999999999999,0.4242424242424243,0.0588235294117647,0.5483870967741935,0.5,Fatigue
0.783783783783784,0.005859375,0.0765465544619743,0.88,0.4848484848484848,0.0588235294117647,0.5483870967741935,0.5588235294117647,Fatigue
0.783783783783784,0.025390625,0.1593443597997745,0.84,0.5151515151515151,0.1764705882352941,0.4838709677419354,0.4117647058823529,Fatigue
0.4414414414414416,0.087890625,0.2964635306407856,0.4800000000000001,0.3333333333333332,0.3529411764705882,0.6451612903225806,0.4117647058823529,Fatigue
0.7297297297297296,0.005859375,0.0765465544619743,0.84,0.4545454545454546,0.0588235294117647,0.5806451612903225,0.4705882352941176,Fatigue
0.6846846846846848,0.025390625,0.1593443597997745,0.7599999999999999,0.4545454545454546,0.1764705882352941,0.5806451612903225,0.5588235294117647,Fatigue
0.1621621621621622,0.013671875,0.1169267933366857,0.3199999999999999,0.0909090909090908,0.1176470588235294,0.5483870967741935,0.5,Fatigue
0.1351351351351351,0.033203125,0.1822172467139157,0.2399999999999998,0.0606060606060605,0.1764705882352941,0.5483870967741935,0.4705882352941176,Fatigue
0.4054054054054055,0.0234374999999999,0.1530931089239486,0.5199999999999999,0.2727272727272727,0.1764705882352941,0.5483870967741935,0.5588235294117647,Fatigue
0.045045045045045,0.08203125,0.28641098093474,0.12,0.0303030303030302,0.2941176470588235,0.7096774193548386,0.7058823529411764,Fatigue
0.0720720720720722,0.013671875,0.1169267933366857,0.2399999999999998,0.0303030303030302,0.1176470588235294,0.5483870967741935,0.5882352941176471,Fatigue
0.6846846846846848,0.083984375,0.2898005779842408,0.7200000000000001,0.4848484848484848,0.2941176470588235,0.6129032258064515,0.5294117647058824,Fatigue
0.7297297297297296,0.162109375,0.4026280852101602,0.7200000000000001,0.5454545454545454,0.4117647058823529,0.3548387096774193,0.4411764705882353,Fatigue
0.0810810810810811,0.029296875,0.1711632992203644,0.2399999999999998,0.0606060606060605,0.1764705882352941,0.4838709677419354,0.5882352941176471,Fatigue
0.3873873873873872,0.013671875,0.1169267933366857,0.5199999999999999,0.2424242424242424,0.1176470588235294,0.5483870967741935,0.4705882352941176,Fatigue
0.045045045045045,0.013671875,0.1169267933366857,0.2,0.0,0.1176470588235294,0.5806451612903225,0.5,Fatigue
0.1801801801801803,0.0625,0.25,0.2799999999999999,0.1515151515151513,0.2941176470588235,0.6129032258064515,0.5,Fatigue
0.4684684684684685,0.015625,0.125,0.5599999999999999,0.2727272727272727,0.1176470588235294,0.5483870967741935,0.5588235294117647,Fatigue
0.7747747747747746,0.064453125,0.2538762001448738,0.7999999999999999,0.5151515151515151,0.2352941176470588,0.4193548387096774,0.3529411764705882,Fatigue
0.1891891891891892,0.2109375,0.4592793267718459,0.2799999999999999,0.2424242424242424,0.4705882352941176,0.2903225806451612,0.3235294117647059,Fatigue
0.8648648648648647,0.005859375,0.0765465544619743,0.96,0.5454545454545454,0.0588235294117647,0.5483870967741935,0.5,Fatigue
0.6306306306306309,0.0625,0.25,0.64,0.3939393939393938,0.2352941176470588,0.5483870967741935,0.5294117647058824,Fatigue
0.7477477477477479,0.0234374999999999,0.1530931089239486,0.7999999999999999,0.4848484848484848,0.1764705882352941,0.5161290322580645,0.5,Fatigue
0.6306306306306309,0.0625,0.25,0.64,0.3939393939393938,0.2352941176470588,0.4193548387096774,0.3823529411764705,Fatigue
0.9099099099099102,0.005859375,0.0765465544619743,1.0,0.5757575757575757,0.0588235294117647,0.5161290322580645,0.5,Fatigue
0.6756756756756759,0.0234375,0.1530931089239486,0.7599999999999999,0.4545454545454546,0.1764705882352941,0.5806451612903225,0.5,Fatigue
0.2522522522522521,0.091796875,0.3029799910885206,0.36,0.2121212121212121,0.2941176470588235,0.3870967741935484,0.5,Fatigue
0.8558558558558562,0.111328125,0.3336586953759786,0.7999999999999999,0.5757575757575757,0.3529411764705882,0.5483870967741935,0.7058823529411764,Fatigue
0.783783783783784,0.005859375,0.0765465544619743,0.88,0.4848484848484848,0.0588235294117647,0.5483870967741935,0.3823529411764705,Fatigue
0.3063063063063063,0.029296875,0.1711632992203644,0.44,0.2121212121212121,0.1764705882352941,0.5483870967741935,0.4705882352941176,Fatigue
0.6936936936936939,0.015625,0.125,0.7999999999999999,0.4545454545454546,0.1176470588235294,0.5161290322580645,0.4117647058823529,Fatigue
0.3603603603603604,0.091796875,0.3029799910885206,0.4,0.2424242424242424,0.2941176470588235,0.5806451612903225,0.6176470588235294,Fatigue
0.1081081081081081,0.015625,0.125,0.2799999999999999,0.0606060606060605,0.1176470588235294,0.5806451612903225,0.5882352941176471,Fatigue
0.6756756756756759,0.0332031249999999,0.1822172467139156,0.7599999999999999,0.4545454545454546,0.1764705882352941,0.4516129032258064,0.4411764705882353,Fatigue
0.3603603603603604,0.0234375,0.1530931089239486,0.4800000000000001,0.2121212121212121,0.1176470588235294,0.5483870967741935,0.088235294117647,Fatigue
0.2972972972972971,0.04296875,0.2072890493972125,0.4,0.2121212121212121,0.2352941176470588,0.5161290322580645,0.4411764705882353,Fatigue
0.6576576576576576,0.013671875,0.1169267933366857,0.7599999999999999,0.4242424242424243,0.1176470588235294,0.5483870967741935,0.4705882352941176,Fatigue
0.8018018018018018,0.048828125,0.2209708691207961,0.84,0.5454545454545454,0.2352941176470588,0.6129032258064515,0.6470588235294118,Fatigue
0.6306306306306309,0.130859375,0.3617449032121947,0.64,0.4848484848484848,0.4117647058823529,0.5806451612903225,0.5882352941176471,Fatigue
0.6576576576576576,0.033203125,0.1822172467139156,0.7200000000000001,0.4242424242424243,0.1764705882352941,0.5161290322580645,0.4705882352941176,Fatigue
0.4234234234234235,0.03515625,0.1875,0.5199999999999999,0.2727272727272727,0.1764705882352941,0.5483870967741935,0.5588235294117647,Fatigue
0.4054054054054055,0.1015625,0.3186887195995491,0.4800000000000001,0.3333333333333332,0.3529411764705882,0.7419354838709677,0.6764705882352942,Fatigue
0.3693693693693693,0.015625,0.125,0.4800000000000001,0.2121212121212121,0.1176470588235294,0.6129032258064515,0.4705882352941176,Fatigue
0.2072072072072071,0.013671875,0.1169267933366857,0.36,0.1212121212121211,0.1176470588235294,0.5483870967741935,0.5294117647058824,Fatigue
0.6666666666666667,0.01953125,0.1397542485937369,0.7599999999999999,0.4242424242424243,0.1176470588235294,0.6129032258064515,0.4705882352941176,Fatigue
0.4414414414414416,0.087890625,0.2964635306407856,0.4800000000000001,0.3333333333333332,0.3529411764705882,0.6451612903225806,0.4117647058823529,Fatigue
0.738738738738739,0.07421875,0.2724311839712922,0.7599999999999999,0.4848484848484848,0.2352941176470588,0.5483870967741935,0.4705882352941176,Fatigue
0.8018018018018018,0.01953125,0.1397542485937369,0.88,0.5151515151515151,0.1176470588235294,0.6129032258064515,0.6176470588235294,Fatigue
0.2972972972972971,0.0625,0.25,0.36,0.2121212121212121,0.2941176470588235,0.4516129032258064,0.2647058823529412,Fatigue
0.4684684684684685,0.015625,0.125,0.5599999999999999,0.2727272727272727,0.1176470588235294,0.5483870967741935,0.5588235294117647,Fatigue
0.738738738738739,0.03515625,0.1875,0.7999999999999999,0.4848484848484848,0.1764705882352941,0.4838709677419354,0.5294117647058824,Fatigue
0.1081081081081081,0.171875,0.4145780987944251,0.16,0.1212121212121211,0.4117647058823529,0.3870967741935484,0.2647058823529412,Fatigue
0.7027027027027026,0.013671875,0.1169267933366857,0.7999999999999999,0.4545454545454546,0.1176470588235294,0.5483870967741935,0.5,Fatigue
0.6666666666666667,0.029296875,0.1711632992203644,0.7599999999999999,0.4545454545454546,0.1764705882352941,0.6129032258064515,0.5294117647058824,Fatigue
0.9009009009009012,0.00390625,0.0625,1.0,0.5757575757575757,0.0588235294117647,0.5161290322580645,0.4117647058823529,Fatigue
0.7297297297297296,0.005859375,0.0765465544619743,0.84,0.4545454545454546,0.0588235294117647,0.5806451612903225,0.4117647058823529,Fatigue
0.5135135135135136,0.103515625,0.3217384419058438,0.5599999999999999,0.3636363636363635,0.2941176470588235,0.6774193548387096,0.5882352941176471,Fatigue
0.1531531531531531,0.005859375,0.0765465544619743,0.3199999999999999,0.0606060606060605,0.0588235294117647,0.5483870967741935,0.5,Fatigue
0.1801801801801803,0.0625,0.25,0.2799999999999999,0.1515151515151513,0.2941176470588235,0.5483870967741935,0.5588235294117647,Fatigue
0.8108108108108112,0.033203125,0.1822172467139156,0.88,0.5454545454545454,0.1764705882352941,0.5806451612903225,0.4705882352941176,Fatigue
0.4594594594594594,0.005859375,0.0765465544619743,0.6,0.2727272727272727,0.0588235294117647,0.5483870967741935,0.5588235294117647,Fatigue
0.8648648648648647,0.005859375,0.0765465544619743,0.96,0.5454545454545454,0.0588235294117647,0.5483870967741935,0.5294117647058824,Fatigue
0.7927927927927929,0.033203125,0.1822172467139156,0.88,0.5454545454545454,0.1764705882352941,0.5806451612903225,0.5294117647058824,Fatigue
0.6396396396396395,0.025390625,0.1593443597997745,0.7200000000000001,0.4242424242424243,0.1764705882352941,0.5161290322580645,0.4117647058823529,Fatigue
0.6666666666666667,0.01953125,0.1397542485937369,0.7599999999999999,0.4242424242424243,0.1176470588235294,0.6129032258064515,0.4705882352941176,Fatigue
0.6486486486486487,0.083984375,0.2898005779842408,0.64,0.4242424242424243,0.2941176470588235,0.5161290322580645,0.4411764705882353,Fatigue
0.4324324324324324,0.0234375,0.1530931089239486,0.5599999999999999,0.2727272727272727,0.1176470588235294,0.5483870967741935,0.4705882352941176,Fatigue
0.738738738738739,0.0546875,0.2338535866733714,0.7599999999999999,0.4848484848484848,0.2352941176470588,0.4193548387096774,0.3235294117647059,Fatigue
0.5765765765765767,0.146484375,0.3827327723098717,0.6,0.4545454545454546,0.4117647058823529,0.7419354838709677,0.4705882352941176,Fatigue
0.1801801801801803,0.013671875,0.1169267933366857,0.3199999999999999,0.0909090909090908,0.1176470588235294,0.5161290322580645,0.5882352941176471,Fatigue
0.2342342342342342,0.025390625,0.1593443597997745,0.36,0.1515151515151513,0.1764705882352941,0.5806451612903225,0.4705882352941176,Fatigue
0.6936936936936939,0.015625,0.125,0.7999999999999999,0.4545454545454546,0.1176470588235294,0.6129032258064515,0.5294117647058824,Fatigue
0.8558558558558562,0.111328125,0.3336586953759786,0.7999999999999999,0.5757575757575757,0.3529411764705882,0.5483870967741935,0.7058823529411764,Fatigue
0.7477477477477479,0.033203125,0.1822172467139156,0.7999999999999999,0.4848484848484848,0.1764705882352941,0.4838709677419354,0.3235294117647059,Fatigue
0.7567567567567568,0.029296875,0.1711632992203644,0.7999999999999999,0.4848484848484848,0.1764705882352941,0.6129032258064515,0.5588235294117647,Fatigue
0.144144144144144,0.015625,0.125,0.2799999999999999,0.0606060606060605,0.1176470588235294,0.5483870967741935,0.5,Fatigue
0.6846846846846848,0.03515625,0.1875,0.7599999999999999,0.4545454545454546,0.1764705882352941,0.4838709677419354,0.4411764705882353,Fatigue
0.7117117117117118,0.0390625,0.1976423537605237,0.7999999999999999,0.4848484848484848,0.1764705882352941,0.5483870967741935,0.6470588235294118,Fatigue
0.3153153153153154,0.0332031249999999,0.1822172467139156,0.44,0.2121212121212121,0.1764705882352941,0.4838709677419354,0.4117647058823529,Fatigue
0.7747747747747746,0.005859375,0.0765465544619743,0.88,0.4848484848484848,0.0588235294117647,0.5483870967741935,0.5,Fatigue
0.8468468468468469,0.0390625,0.1976423537605237,0.88,0.5454545454545454,0.1764705882352941,0.5483870967741935,0.5,Fatigue
0.8108108108108112,0.0234374999999999,0.1530931089239486,0.88,0.5454545454545454,0.1764705882352941,0.4838709677419354,0.4411764705882353,Fatigue
0.4054054054054055,0.0234374999999999,0.1530931089239486,0.5199999999999999,0.2727272727272727,0.1764705882352941,0.5483870967741935,0.5588235294117647,Fatigue
0.7657657657657662,0.052734375,0.2296396633859229,0.84,0.5454545454545454,0.2352941176470588,0.5161290322580645,0.4411764705882353,Fatigue
0.3333333333333335,0.03515625,0.1875,0.44,0.2121212121212121,0.1764705882352941,0.6129032258064515,0.6764705882352942,Fatigue
0.7747747747747746,0.064453125,0.2538762001448738,0.7999999999999999,0.5454545454545454,0.2941176470588235,0.6129032258064515,0.4705882352941176,Fatigue
0.3963963963963963,0.0390625,0.1976423537605237,0.4800000000000001,0.2727272727272727,0.2352941176470588,0.6129032258064515,0.6176470588235294,Fatigue
0.7927927927927929,0.052734375,0.2296396633859229,0.84,0.5454545454545454,0.2352941176470588,0.5806451612903225,0.3823529411764705,Fatigue
0.8108108108108112,0.0625,0.25,0.7999999999999999,0.5151515151515151,0.2352941176470588,0.5483870967741935,0.5294117647058824,Fatigue
0.5315315315315317,0.078125,0.2795084971874738,0.6,0.3939393939393938,0.2941176470588235,0.6774193548387096,0.5882352941176471,Fatigue
0.6666666666666667,0.048828125,0.2209708691207961,0.7200000000000001,0.4545454545454546,0.2352941176470588,0.4193548387096774,0.4117647058823529,Fatigue
0.4594594594594594,0.279296875,0.5284854539152428,0.44,0.3636363636363635,0.4705882352941176,0.2903225806451612,0.1764705882352941,Fatigue
0.3153153153153154,0.0332031249999999,0.1822172467139156,0.44,0.2121212121212121,0.1764705882352941,0.5806451612903225,0.7647058823529411,Fatigue
0.8648648648648647,0.015625,0.125,0.92,0.5454545454545454,0.1176470588235294,0.4838709677419354,0.5,Fatigue
0.5495495495495495,0.2109375,0.459279326771846,0.5199999999999999,0.4242424242424243,0.4705882352941176,0.2903225806451612,0.2058823529411764,Fatigue
0.1171171171171172,0.033203125,0.1822172467139156,0.2399999999999998,0.0606060606060605,0.1764705882352941,0.5483870967741935,0.4705882352941176,Fatigue
0.6666666666666667,0.009765625,0.0988211768802618,0.7599999999999999,0.4242424242424243,0.1176470588235294,0.5161290322580645,0.4411764705882353,Fatigue
0.4324324324324324,0.0332031249999999,0.1822172467139156,0.5199999999999999,0.2727272727272727,0.1764705882352941,0.5806451612903225,0.5,Fatigue
0.8108108108108112,0.0234375,0.1530931089239486,0.88,0.5454545454545454,0.1764705882352941,0.6129032258064515,0.4411764705882353,Fatigue
0.7297297297297296,0.103515625,0.3217384419058438,0.7599999999999999,0.5151515151515151,0.2941176470588235,0.3870967741935484,0.3235294117647059,Fatigue
0.738738738738739,0.015625,0.125,0.7999999999999999,0.4545454545454546,0.1176470588235294,0.4838709677419354,0.5,Fatigue
0.1621621621621622,0.013671875,0.1169267933366857,0.3199999999999999,0.0909090909090908,0.1176470588235294,0.5483870967741935,0.5,Fatigue
0.2792792792792793,0.1328125,0.3644344934278313,0.2799999999999999,0.2121212121212121,0.4117647058823529,0.4838709677419354,0.4411764705882353,Fatigue
0.7297297297297296,0.064453125,0.2538762001448738,0.7599999999999999,0.4848484848484848,0.2352941176470588,0.4193548387096774,0.5294117647058824,Fatigue
0.6576576576576576,0.013671875,0.1169267933366857,0.7599999999999999,0.4242424242424243,0.1176470588235294,0.4838709677419354,0.4705882352941176,Fatigue
0.6846846846846848,0.044921875,0.2119478119726646,0.7599999999999999,0.4848484848484848,0.2352941176470588,0.5161290322580645,0.2941176470588235,Fatigue
0.7927927927927929,0.052734375,0.229639663385923,0.84,0.5454545454545454,0.2352941176470588,0.5806451612903225,0.5,Fatigue
0.5315315315315317,0.078125,0.2795084971874738,0.6,0.3939393939393938,0.2941176470588235,0.4838709677419354,0.4411764705882353,Fatigue
0.1261261261261261,0.009765625,0.0988211768802618,0.2799999999999999,0.0606060606060605,0.1176470588235294,0.5483870967741935,0.5588235294117647,Fatigue
0.882882882882883,0.00390625,0.0625,0.96,0.5454545454545454,0.0588235294117647,0.5483870967741935,0.5,Fatigue
0.4864864864864866,0.107421875,0.3277527650531724,0.5599999999999999,0.3939393939393938,0.3529411764705882,0.5806451612903225,0.6176470588235294,Fatigue
0.7927927927927929,0.072265625,0.2688226645950821,0.7999999999999999,0.5454545454545454,0.2941176470588235,0.5161290322580645,0.2941176470588235,Fatigue
0.7297297297297296,0.015625,0.125,0.7999999999999999,0.4545454545454546,0.1176470588235294,0.5483870967741935,0.5294117647058824,Fatigue
0.063063063063063,0.044921875,0.2119478119726646,0.16,0.0303030303030302,0.2352941176470588,0.6451612903225806,0.4705882352941176,Fatigue
0.3153153153153154,0.189453125,0.4352621336620039,0.36,0.2727272727272727,0.4117647058823529,0.5806451612903225,0.5882352941176471,Fatigue
0.7027027027027026,0.052734375,0.2296396633859229,0.7599999999999999,0.4848484848484848,0.2352941176470588,0.6774193548387096,0.7647058823529411,Fatigue
0.6936936936936939,0.0546875,0.2338535866733714,0.7200000000000001,0.4545454545454546,0.2352941176470588,0.4838709677419354,0.4411764705882353,Fatigue
0.3963963963963963,0.009765625,0.0988211768802618,0.5199999999999999,0.2424242424242424,0.1176470588235294,0.5806451612903225,0.5588235294117647,Fatigue
0.4414414414414416,0.1171875,0.3423265984407289,0.5199999999999999,0.3636363636363635,0.3529411764705882,0.7419354838709677,0.6470588235294118,Fatigue
0.0810810810810811,0.009765625,0.0988211768802618,0.2399999999999998,0.0303030303030302,0.1176470588235294,0.5483870967741935,0.5,Fatigue
0.7657657657657662,0.0625,0.25,0.7999999999999999,0.5454545454545454,0.2941176470588235,0.4516129032258064,0.4117647058823529,Fatigue
0.3603603603603604,0.0234375,0.1530931089239486,0.4800000000000001,0.2121212121212121,0.1176470588235294,0.4838709677419354,0.3235294117647059,Fatigue
0.6486486486486487,0.03515625,0.1875,0.7200000000000001,0.4242424242424243,0.1764705882352941,0.4838709677419354,0.4117647058823529,Fatigue
0.8108108108108112,0.033203125,0.1822172467139156,0.88,0.5454545454545454,0.1764705882352941,0.6129032258064515,0.6470588235294118,Fatigue
0.7657657657657662,0.091796875,0.3029799910885206,0.7599999999999999,0.5454545454545454,0.3529411764705882,0.4516129032258064,0.4117647058823529,Fatigue
0.2072072072072071,0.189453125,0.4352621336620039,0.2799999999999999,0.2424242424242424,0.4705882352941176,0.4516129032258064,0.4117647058823529,Fatigue
0.6306306306306309,0.130859375,0.3617449032121947,0.64,0.4848484848484848,0.4117647058823529,0.5806451612903225,0.5882352941176471,Fatigue
0.3153153153153154,0.091796875,0.3029799910885206,0.4,0.2424242424242424,0.2941176470588235,0.5483870967741935,0.5,Fatigue
0.0990990990990989,0.103515625,0.3217384419058438,0.2,0.1212121212121211,0.3529411764705882,0.6451612903225806,0.6176470588235294,Fatigue
0.7117117117117118,0.009765625,0.0988211768802618,0.7999999999999999,0.4545454545454546,0.1176470588235294,0.6129032258064515,0.5882352941176471,Fatigue
0.09009009009009,0.150390625,0.3878023014372143,0.16,0.0909090909090908,0.3529411764705882,0.3870967741935484,0.3823529411764705,Fatigue
0.7567567567567568,0.068359375,0.2614562582918987,0.7999999999999999,0.5454545454545454,0.2941176470588235,0.4838709677419354,0.3529411764705882,Fatigue
0.1801801801801803,0.013671875,0.1169267933366857,0.3199999999999999,0.0909090909090908,0.1176470588235294,0.5483870967741935,0.5,Fatigue
0.144144144144144,0.015625,0.125,0.2799999999999999,0.0606060606060605,0.1176470588235294,0.4838709677419354,0.4411764705882353,Fatigue
0.0720720720720722,0.033203125,0.1822172467139156,0.2399999999999998,0.0606060606060605,0.1764705882352941,0.5483870967741935,0.6176470588235294,Fatigue
0.783783783783784,0.025390625,0.1593443597997745,0.84,0.5151515151515151,0.1764705882352941,0.5161290322580645,0.5294117647058824,Fatigue
0.1171171171171172,0.052734375,0.2296396633859229,0.2,0.0606060606060605,0.2352941176470588,0.5806451612903225,0.5294117647058824,Fatigue
0.6396396396396395,0.044921875,0.2119478119726646,0.7200000000000001,0.4545454545454546,0.2352941176470588,0.4193548387096774,0.4117647058823529,Fatigue
0.2162162162162162,0.009765625,0.0988211768802618,0.36,0.1212121212121211,0.1176470588235294,0.5483870967741935,0.5882352941176471,Fatigue
0.7927927927927929,0.0332031249999999,0.1822172467139156,0.84,0.5151515151515151,0.1764705882352941,0.5806451612903225,0.7352941176470589,Fatigue
0.8648648648648647,0.005859375,0.0765465544619743,0.96,0.5454545454545454,0.0588235294117647,0.5806451612903225,0.5294117647058824,Fatigue
0.7117117117117118,0.029296875,0.1711632992203644,0.7999999999999999,0.4848484848484848,0.1764705882352941,0.5483870967741935,0.5,Fatigue
0.3693693693693693,0.142578125,0.3775951866748305,0.44,0.3333333333333332,0.4117647058823529,0.5806451612903225,0.4705882352941176,Fatigue
0.7657657657657662,0.04296875,0.2072890493972125,0.7999999999999999,0.5151515151515151,0.2352941176470588,0.6129032258064515,0.5882352941176471,Fatigue
0.2792792792792793,0.005859375,0.0765465544619743,0.44,0.1515151515151513,0.0588235294117647,0.5806451612903225,0.2941176470588235,Fatigue
0.4234234234234235,0.03515625,0.1875,0.5199999999999999,0.2727272727272727,0.1764705882352941,0.5483870967741935,0.4411764705882353,Fatigue
0.5855855855855858,0.140625,0.3750000000000001,0.5599999999999999,0.4242424242424243,0.4117647058823529,0.5483870967741935,0.5882352941176471,Fatigue
0.7567567567567568,0.068359375,0.2614562582918987,0.7999999999999999,0.5454545454545454,0.2941176470588235,0.4516129032258064,0.4705882352941176,Fatigue
0.7027027027027026,0.0332031249999999,0.1822172467139156,0.7599999999999999,0.4545454545454546,0.1764705882352941,0.4838709677419354,0.2647058823529412,Fatigue
0.0990990990990989,0.103515625,0.3217384419058439,0.2,0.1212121212121211,0.3529411764705882,0.6451612903225806,0.5588235294117647,Fatigue
0.873873873873874,0.005859375,0.0765465544619743,0.96,0.5454545454545454,0.0588235294117647,0.5483870967741935,0.4411764705882353,Fatigue
0.0720720720720722,0.1015625,0.3186887195995491,0.12,0.0606060606060605,0.3529411764705882,0.7096774193548386,0.6176470588235294,Fatigue
0.7747747747747746,0.015625,0.125,0.84,0.4848484848484848,0.1176470588235294,0.5161290322580645,0.5882352941176471,Fatigue
0.6666666666666667,0.009765625,0.0988211768802618,0.7599999999999999,0.4242424242424243,0.1176470588235294,0.5161290322580645,0.4411764705882353,Fatigue
0.5315315315315317,0.15625,0.3952847075210475,0.5599999999999999,0.3939393939393938,0.3529411764705882,0.5806451612903225,0.5294117647058824,Fatigue
0.3603603603603604,0.052734375,0.229639663385923,0.44,0.2424242424242424,0.2352941176470588,0.6451612903225806,0.6176470588235294,Fatigue
0.8378378378378379,0.0332031249999999,0.1822172467139156,0.88,0.5454545454545454,0.1764705882352941,0.5806451612903225,0.6176470588235294,Fatigue
0.2342342342342342,0.025390625,0.1593443597997745,0.36,0.1515151515151513,0.1764705882352941,0.4838709677419354,0.4411764705882353,Fatigue
0.6756756756756759,0.072265625,0.2688226645950821,0.7200000000000001,0.4848484848484848,0.2941176470588235,0.6129032258064515,0.6764705882352942,Fatigue
0.3423423423423422,0.033203125,0.1822172467139156,0.44,0.2121212121212121,0.1764705882352941,0.4516129032258064,0.1764705882352941,Fatigue
0.4594594594594594,0.025390625,0.1593443597997745,0.5599999999999999,0.303030303030303,0.1764705882352941,0.5806451612903225,0.5,Fatigue
0.3963963963963963,0.068359375,0.2614562582918987,0.44,0.2727272727272727,0.2941176470588235,0.5161290322580645,0.4411764705882353,Fatigue
0.4144144144144144,0.03515625,0.1875,0.4800000000000001,0.2424242424242424,0.1764705882352941,0.5483870967741935,0.4705882352941176,Fatigue
0.6486486486486487,0.03515625,0.1875,0.7200000000000001,0.4242424242424243,0.1764705882352941,0.5483870967741935,0.5588235294117647,Fatigue
0.6756756756756759,1.0,1.0,0.6,0.7575757575757576,1.0,0.0,0.0,Fatigue
0.1081081081081081,0.015625,0.125,0.2799999999999999,0.0606060606060605,0.1176470588235294,0.5806451612903225,0.5882352941176471,Fatigue
0.828828828828829,0.015625,0.125,0.92,0.5454545454545454,0.1176470588235294,0.6129032258064515,0.5294117647058824,Fatigue
0.6846846846846848,0.025390625,0.1593443597997745,0.7599999999999999,0.4545454545454546,0.1764705882352941,0.5161290322580645,0.5882352941176471,Fatigue
0.7747747747747746,0.015625,0.125,0.84,0.4848484848484848,0.1176470588235294,0.5483870967741935,0.5294117647058824,Fatigue
0.7207207207207209,0.013671875,0.1169267933366857,0.7999999999999999,0.4545454545454546,0.1176470588235294,0.6129032258064515,0.5294117647058824,Fatigue
0.6576576576576576,0.072265625,0.2688226645950821,0.7200000000000001,0.4848484848484848,0.2941176470588235,0.4516129032258064,0.5,Fatigue
0.6846846846846848,0.044921875,0.2119478119726646,0.7599999999999999,0.4545454545454546,0.1764705882352941,0.5483870967741935,0.5294117647058824,Fatigue
0.7657657657657662,0.013671875,0.1169267933366857,0.84,0.4848484848484848,0.1176470588235294,0.6129032258064515,0.4117647058823529,Fatigue
0.1171171171171172,0.111328125,0.3336586953759785,0.2,0.1212121212121211,0.3529411764705882,0.3870967741935484,0.3529411764705882,Fatigue
0.783783783783784,0.015625,0.125,0.88,0.5151515151515151,0.1176470588235294,0.5483870967741935,0.5588235294117647,Fatigue
0.4324324324324324,0.013671875,0.1169267933366857,0.5599999999999999,0.2727272727272727,0.1176470588235294,0.5161290322580645,0.4411764705882353,Fatigue
0.3333333333333335,0.07421875,0.2724311839712922,0.4,0.2424242424242424,0.2941176470588235,0.6451612903225806,0.6470588235294118,Fatigue
0.738738738738739,0.103515625,0.3217384419058439,0.7999999999999999,0.5454545454545454,0.2941176470588235,0.5483870967741935,0.5,Fatigue
0.4864864864864866,0.107421875,0.3277527650531724,0.5599999999999999,0.3939393939393938,0.3529411764705882,0.5806451612903225,0.6176470588235294,Fatigue
0.3513513513513513,0.05859375,0.2420614591379636,0.4,0.2121212121212121,0.2352941176470588,0.4193548387096774,0.3823529411764705,Fatigue
0.7117117117117118,0.01953125,0.1397542485937369,0.7999999999999999,0.4545454545454546,0.1176470588235294,0.4838709677419354,0.3529411764705882,Fatigue
0.8018018018018018,0.01953125,0.1397542485937369,0.88,0.5151515151515151,0.1176470588235294,0.6129032258064515,0.6176470588235294,Fatigue
0.6846846846846848,0.015625,0.125,0.7999999999999999,0.4545454545454546,0.1176470588235294,0.5483870967741935,0.5588235294117647,Fatigue
0.045045045045045,0.08203125,0.28641098093474,0.12,0.0303030303030302,0.2941176470588235,0.7096774193548386,0.7058823529411764,Fatigue
0.2072072072072071,0.0234375,0.1530931089239486,0.3199999999999999,0.1212121212121211,0.1764705882352941,0.5483870967741935,0.5294117647058824,Fatigue
0.3063063063063063,0.087890625,0.2964635306407856,0.36,0.2121212121212121,0.2941176470588235,0.5483870967741935,0.5,Fatigue
0.3963963963963963,0.126953125,0.3563048203434806,0.44,0.3333333333333332,0.4117647058823529,0.6451612903225806,0.5882352941176471,Fatigue
0.5495495495495495,0.2109375,0.459279326771846,0.5199999999999999,0.4242424242424243,0.4705882352941176,0.2903225806451612,0.2058823529411764,Fatigue
0.3693693693693693,0.015625,0.125,0.4800000000000001,0.2121212121212121,0.1176470588235294,0.5806451612903225,0.5,Fatigue
0.3693693693693693,0.015625,0.125,0.4800000000000001,0.2121212121212121,0.1176470588235294,0.6129032258064515,0.4705882352941176,Fatigue
0.1171171171171172,0.169921875,0.4122158111960288,0.12,0.0909090909090908,0.4117647058823529,0.3548387096774193,0.3235294117647059,Fatigue
0.8018018018018018,0.029296875,0.1711632992203644,0.88,0.5454545454545454,0.1764705882352941,0.5161290322580645,0.5588235294117647,Fatigue
0.7297297297297296,0.044921875,0.2119478119726646,0.7599999999999999,0.4848484848484848,0.2352941176470588,0.5483870967741935,0.6764705882352942,Fatigue
0.6936936936936939,0.064453125,0.2538762001448738,0.7599999999999999,0.4848484848484848,0.2352941176470588,0.5161290322580645,0.4411764705882353,Fatigue
0.7927927927927929,0.072265625,0.2688226645950821,0.7999999999999999,0.5454545454545454,0.2941176470588235,0.5161290322580645,0.2941176470588235,Fatigue
0.7207207207207209,0.013671875,0.1169267933366857,0.7999999999999999,0.4545454545454546,0.1176470588235294,0.5483870967741935,0.4705882352941176,Fatigue
0.8018018018018018,0.0390625,0.1976423537605237,0.88,0.5454545454545454,0.1764705882352941,0.6451612903225806,0.5588235294117647,Fatigue
0.1801801801801803,0.013671875,0.1169267933366857,0.3199999999999999,0.0909090909090908,0.1176470588235294,0.5806451612903225,0.5588235294117647,Fatigue
0.6576576576576576,0.0332031249999999,0.1822172467139156,0.7599999999999999,0.4545454545454546,0.1764705882352941,0.5483870967741935,0.5,Fatigue
0.6936936936936939,0.03515625,0.1875,0.7599999999999999,0.4545454545454546,0.1764705882352941,0.6129032258064515,0.6176470588235294,Fatigue
0.1621621621621622,0.033203125,0.1822172467139156,0.2799999999999999,0.0909090909090908,0.1764705882352941,0.4516129032258064,0.4117647058823529,Fatigue
0.7927927927927929,0.00390625,0.0625,0.88,0.4848484848484848,0.0588235294117647,0.5483870967741935,0.5294117647058824,Fatigue
0.6576576576576576,0.12109375,0.3479852726768764,0.64,0.4545454545454546,0.3529411764705882,0.6451612903225806,0.6176470588235294,Fatigue
0.2072072072072071,0.013671875,0.1169267933366857,0.36,0.1212121212121211,0.1176470588235294,0.6129032258064515,0.6470588235294118,Fatigue
0.7747747747747746,0.025390625,0.1593443597997745,0.84,0.5151515151515151,0.1764705882352941,0.5161290322580645,0.4411764705882353,Fatigue
0.144144144144144,0.005859375,0.0765465544619743,0.3199999999999999,0.0606060606060605,0.0588235294117647,0.5806451612903225,0.4705882352941176,Fatigue
0.7027027027027026,0.013671875,0.1169267933366857,0.7999999999999999,0.4545454545454546,0.1176470588235294,0.5161290322580645,0.5,Fatigue
0.4324324324324324,0.00390625,0.0625,0.5599999999999999,0.2424242424242424,0.0588235294117647,0.5806451612903225,0.7647058823529411,Fatigue
0.1261261261261261,0.0390625,0.1976423537605237,0.2799999999999999,0.0909090909090908,0.1764705882352941,0.5483870967741935,0.5,Fatigue
0.6576576576576576,0.013671875,0.1169267933366857,0.7599999999999999,0.4242424242424243,0.1176470588235294,0.6129032258064515,0.5882352941176471,Fatigue
0.3693693693693693,0.064453125,0.2538762001448738,0.44,0.2424242424242424,0.2352941176470588,0.4516129032258064,0.3235294117647059,Fatigue
0.5495495495495495,0.2109375,0.459279326771846,0.5199999999999999,0.4242424242424243,0.4705882352941176,0.2903225806451612,0.2058823529411764,Fatigue
0.7657657657657662,0.091796875,0.3029799910885206,0.7599999999999999,0.5454545454545454,0.3529411764705882,0.5161290322580645,0.4411764705882353,Fatigue
0.6936936936936939,0.0546875,0.2338535866733714,0.7200000000000001,0.4545454545454546,0.2352941176470588,0.6774193548387096,0.6470588235294118,Fatigue
0.6936936936936939,0.0546875,0.2338535866733714,0.7200000000000001,0.4545454545454546,0.2352941176470588,0.5806451612903225,0.5,Fatigue
0.8108108108108112,0.08203125,0.28641098093474,0.7999999999999999,0.5454545454545454,0.2941176470588235,0.7096774193548386,0.8529411764705882,Fatigue
0.4864864864864866,0.029296875,0.1711632992203644,0.6,0.3333333333333332,0.1764705882352941,0.6451612903225806,0.6176470588235294,Fatigue
0.7567567567567568,0.05859375,0.2420614591379636,0.7599999999999999,0.4848484848484848,0.2352941176470588,0.5483870967741935,0.4411764705882353,Fatigue
0.7747747747747746,0.025390625,0.1593443597997745,0.84,0.5151515151515151,0.1764705882352941,0.4838709677419354,0.4411764705882353,Fatigue
0.4054054054054055,0.0332031249999999,0.1822172467139156,0.4800000000000001,0.2424242424242424,0.1764705882352941,0.5483870967741935,0.4411764705882353,Fatigue
0.8018018018018018,0.068359375,0.2614562582918987,0.84,0.5454545454545454,0.2352941176470588,0.5483870967741935,0.4705882352941176,Fatigue
0.7747747747747746,0.044921875,0.2119478119726646,0.7999999999999999,0.5151515151515151,0.2352941176470588,0.6129032258064515,0.5588235294117647,Fatigue
0.6216216216216217,0.05859375,0.2420614591379636,0.64,0.3939393939393938,0.2352941176470588,0.5161290322580645,0.4411764705882353,Fatigue
0.7657657657657662,0.091796875,0.3029799910885206,0.7599999999999999,0.5454545454545454,0.3529411764705882,0.6451612903225806,0.5294117647058824,Fatigue
0.9009009009009012,0.00390625,0.0625,1.0,0.5757575757575757,0.0588235294117647,0.5483870967741935,0.5294117647058824,Fatigue
0.1351351351351351,0.033203125,0.1822172467139156,0.2799999999999999,0.0909090909090908,0.1764705882352941,0.5806451612903225,0.5294117647058824,Fatigue
0.3963963963963963,0.009765625,0.0988211768802618,0.5199999999999999,0.2424242424242424,0.1176470588235294,0.5806451612903225,0.5588235294117647,Fatigue
0.8558558558558562,0.013671875,0.1169267933366857,0.92,0.5454545454545454,0.1176470588235294,0.5806451612903225,0.5882352941176471,Fatigue
0.3063063063063063,0.048828125,0.2209708691207961,0.4,0.2121212121212121,0.2352941176470588,0.5806451612903225,0.5,Fatigue
0.4594594594594594,0.19140625,0.4375,0.4800000000000001,0.3939393939393938,0.4705882352941176,0.6774193548387096,0.6176470588235294,Fatigue
0.4144144144144144,0.044921875,0.2119478119726646,0.4800000000000001,0.2727272727272727,0.2352941176470588,0.4516129032258064,0.4117647058823529,Fatigue
0.6936936936936939,0.03515625,0.1875,0.7599999999999999,0.4545454545454546,0.1764705882352941,0.5806451612903225,0.5294117647058824,Fatigue
0.7567567567567568,0.009765625,0.0988211768802618,0.84,0.4848484848484848,0.1176470588235294,0.5806451612903225,0.5882352941176471,Fatigue
0.9009009009009012,0.00390625,0.0625,1.0,0.5757575757575757,0.0588235294117647,0.5806451612903225,0.5294117647058824,Fatigue
0.7747747747747746,0.015625,0.125,0.84,0.4848484848484848,0.1176470588235294,0.5806451612903225,0.7058823529411764,Fatigue
0.3963963963963963,0.0390625,0.1976423537605237,0.4800000000000001,0.2727272727272727,0.2352941176470588,0.5483870967741935,0.5294117647058824,Fatigue
0.8198198198198197,0.03515625,0.1875,0.88,0.5454545454545454,0.1764705882352941,0.4516129032258064,0.4117647058823529,Fatigue
0.7567567567567568,0.05859375,0.2420614591379636,0.7599999999999999,0.4848484848484848,0.2352941176470588,0.5483870967741935,0.4411764705882353,Fatigue
0.1171171171171172,0.052734375,0.229639663385923,0.2399999999999998,0.0909090909090908,0.2352941176470588,0.6451612903225806,0.4411764705882353,Fatigue
0.7657657657657662,0.04296875,0.2072890493972125,0.7999999999999999,0.5151515151515151,0.2352941176470588,0.4838709677419354,0.4411764705882353,Fatigue
0.3603603603603604,0.08203125,0.28641098093474,0.44,0.2424242424242424,0.2352941176470588,0.5806451612903225,0.6176470588235294,Fatigue
0.4684684684684685,0.015625,0.125,0.5599999999999999,0.2727272727272727,0.1176470588235294,0.5483870967741935,0.5588235294117647,Fatigue
0.738738738738739,0.015625,0.125,0.7999999999999999,0.4545454545454546,0.1176470588235294,0.4838709677419354,0.5,Fatigue
0.0990990990990989,0.03515625,0.1875,0.2399999999999998,0.0606060606060605,0.1764705882352941,0.5806451612903225,0.4411764705882353,Fatigue
0.6936936936936939,0.0546875,0.2338535866733714,0.7200000000000001,0.4545454545454546,0.2352941176470588,0.4838709677419354,0.4411764705882353,Fatigue
0.6216216216216217,0.33203125,0.5762215285808056,0.5599999999999999,0.5151515151515151,0.5882352941176471,0.8064516129032258,0.7941176470588236,Fatigue
0.738738738738739,0.083984375,0.2898005779842408,0.7599999999999999,0.5151515151515151,0.2941176470588235,0.5161290322580645,0.4117647058823529,Fatigue
0.1621621621621622,0.013671875,0.1169267933366857,0.3199999999999999,0.0909090909090908,0.1176470588235294,0.5806451612903225,0.5,Fatigue
0.6486486486486487,0.083984375,0.2898005779842408,0.64,0.4242424242424243,0.2941176470588235,0.5483870967741935,0.3823529411764705,Fatigue
0.927927927927928,0.013671875,0.1169267933366857,1.0,0.606060606060606,0.1176470588235294,0.4838709677419354,0.5294117647058824,Fatigue
0.9099099099099102,0.025390625,0.1593443597997745,0.96,0.606060606060606,0.1764705882352941,0.6129032258064515,0.5588235294117647,Fatigue
0.8198198198198197,0.025390625,0.1593443597997745,0.88,0.5454545454545454,0.1764705882352941,0.6129032258064515,0.5588235294117647,Fatigue
0.7747747747747746,0.044921875,0.2119478119726646,0.7999999999999999,0.5151515151515151,0.2352941176470588,0.5806451612903225,0.5882352941176471,Fatigue
0.8378378378378379,0.013671875,0.1169267933366857,0.92,0.5454545454545454,0.1176470588235294,0.5483870967741935,0.5294117647058824,Fatigue
0.4324324324324324,0.0625,0.25,0.4800000000000001,0.2727272727272727,0.2352941176470588,0.4193548387096774,0.4411764705882353,Fatigue
0.0810810810810811,0.029296875,0.1711632992203644,0.2399999999999998,0.0606060606060605,0.1764705882352941,0.4838709677419354,0.5882352941176471,Fatigue
0.8198198198198197,0.015625,0.125,0.88,0.5151515151515151,0.1176470588235294,0.6129032258064515,0.6764705882352942,Fatigue
0.6576576576576576,0.033203125,0.1822172467139156,0.7599999999999999,0.4545454545454546,0.1764705882352941,0.5161290322580645,0.4411764705882353,Fatigue
0.1171171171171172,0.052734375,0.229639663385923,0.2399999999999998,0.0909090909090908,0.2352941176470588,0.6451612903225806,0.4411764705882353,Fatigue
0.7657657657657662,0.04296875,0.2072890493972125,0.7999999999999999,0.5151515151515151,0.2352941176470588,0.6451612903225806,0.5588235294117647,Fatigue
0.6396396396396395,0.11328125,0.3365728004459066,0.64,0.4545454545454546,0.3529411764705882,0.7419354838709677,0.5588235294117647,Fatigue
0.8108108108108112,0.08203125,0.28641098093474,0.7999999999999999,0.5454545454545454,0.2941176470588235,0.7096774193548386,0.8529411764705882,Fatigue
0.783783783783784,0.0546875,0.2338535866733714,0.7999999999999999,0.5151515151515151,0.2352941176470588,0.5161290322580645,0.3823529411764705,Fatigue
0.7567567567567568,0.087890625,0.2964635306407856,0.7999999999999999,0.5454545454545454,0.2941176470588235,0.7096774193548386,0.5882352941176471,Fatigue
0.8198198198198197,0.025390625,0.1593443597997745,0.88,0.5454545454545454,0.1764705882352941,0.6129032258064515,0.5588235294117647,Fatigue
0.7207207207207209,0.052734375,0.2296396633859229,0.7599999999999999,0.4848484848484848,0.2352941176470588,0.4838709677419354,0.4705882352941176,Fatigue
0.6126126126126126,0.013671875,0.1169267933366857,0.7200000000000001,0.3939393939393938,0.1176470588235294,0.5161290322580645,0.4411764705882353,Fatigue
0.7027027027027026,0.0332031249999999,0.1822172467139156,0.7999999999999999,0.4848484848484848,0.1764705882352941,0.5161290322580645,0.5,Fatigue
0.828828828828829,0.015625,0.125,0.92,0.5454545454545454,0.1176470588235294,0.6129032258064515,0.5294117647058824,Fatigue
0.8648648648648647,0.005859375,0.0765465544619743,0.96,0.5454545454545454,0.0588235294117647,0.5806451612903225,0.5294117647058824,Fatigue
0.1171171171171172,0.013671875,0.1169267933366857,0.2799999999999999,0.0606060606060605,0.1176470588235294,0.5483870967741935,0.4411764705882353,Fatigue
0.1711711711711712,0.029296875,0.1711632992203644,0.2799999999999999,0.0909090909090908,0.1764705882352941,0.5483870967741935,0.3823529411764705,Fatigue
0.8918918918918919,0.0,0.0,1.0,0.5454545454545454,0.0,0.5483870967741935,0.4705882352941176,Fatigue
0.2792792792792793,0.0546875,0.2338535866733714,0.4,0.2121212121212121,0.2352941176470588,0.5161290322580645,0.3823529411764705,Fatigue
0.6846846846846848,0.015625,0.125,0.7999999999999999,0.4545454545454546,0.1176470588235294,0.4838709677419354,0.4117647058823529,Fatigue
0.7657657657657662,0.091796875,0.3029799910885206,0.7599999999999999,0.5454545454545454,0.3529411764705882,0.4516129032258064,0.4117647058823529,Fatigue
0.4774774774774775,0.12109375,0.3479852726768765,0.5599999999999999,0.3939393939393938,0.3529411764705882,0.5806451612903225,0.4411764705882353,Fatigue
0.3153153153153154,0.00390625,0.0625,0.4800000000000001,0.1818181818181816,0.0588235294117647,0.5806451612903225,0.5,Fatigue
0.3423423423423422,0.052734375,0.2296396633859229,0.44,0.2424242424242424,0.2352941176470588,0.5806451612903225,0.5882352941176471,Fatigue
0.8378378378378379,0.013671875,0.1169267933366857,0.92,0.5454545454545454,0.1176470588235294,0.6129032258064515,0.5588235294117647,Fatigue
0.8018018018018018,0.029296875,0.1711632992203644,0.88,0.5454545454545454,0.1764705882352941,0.5161290322580645,0.4411764705882353,Fatigue
0.6846846846846848,0.005859375,0.0765465544619743,0.7999999999999999,0.4242424242424243,0.0588235294117647,0.5483870967741935,0.4117647058823529,Fatigue
0.09009009009009,0.052734375,0.2296396633859229,0.2,0.0606060606060605,0.2352941176470588,0.6129032258064515,0.5294117647058824,Fatigue
0.8468468468468469,0.0390625,0.1976423537605237,0.88,0.5454545454545454,0.1764705882352941,0.5483870967741935,0.6176470588235294,Fatigue
0.6846846846846848,0.103515625,0.3217384419058438,0.7200000000000001,0.5151515151515151,0.3529411764705882,0.3548387096774193,0.2941176470588235,Fatigue
0.3783783783783785,0.03515625,0.1875,0.4800000000000001,0.2424242424242424,0.1764705882352941,0.5806451612903225,0.5,Fatigue
0.7477477477477479,0.04296875,0.2072890493972125,0.7999999999999999,0.5151515151515151,0.2352941176470588,0.5483870967741935,0.5294117647058824,Fatigue
0.0720720720720722,0.1015625,0.3186887195995491,0.16,0.0606060606060605,0.2941176470588235,0.3870967741935484,0.2647058823529412,Fatigue
0.4504504504504507,0.0234375,0.1530931089239486,0.5599999999999999,0.2727272727272727,0.1176470588235294,0.6129032258064515,0.5294117647058824,Fatigue
0.3243243243243243,0.025390625,0.1593443597997745,0.44,0.2121212121212121,0.1764705882352941,0.5806451612903225,0.4705882352941176,Fatigue
0.5765765765765767,0.078125,0.2795084971874738,0.64,0.3939393939393938,0.2352941176470588,0.5483870967741935,0.4411764705882353,Fatigue
0.7747747747747746,0.015625,0.125,0.88,0.5151515151515151,0.1176470588235294,0.5483870967741935,0.4411764705882353,Fatigue
0.7027027027027026,0.072265625,0.2688226645950821,0.7200000000000001,0.4848484848484848,0.2941176470588235,0.5806451612903225,0.3529411764705882,Fatigue
0.6486486486486487,0.083984375,0.2898005779842408,0.64,0.4242424242424243,0.2941176470588235,0.5483870967741935,0.3823529411764705,Fatigue
0.6846846846846848,0.025390625,0.1593443597997745,0.7599999999999999,0.4545454545454546,0.1764705882352941,0.4838709677419354,0.3823529411764705,Fatigue
0.7657657657657662,0.091796875,0.3029799910885206,0.7599999999999999,0.5454545454545454,0.3529411764705882,0.4516129032258064,0.4117647058823529,Fatigue
0.6486486486486487,0.03515625,0.1875,0.7200000000000001,0.4242424242424243,0.1764705882352941,0.6451612903225806,0.5882352941176471,Fatigue
0.1981981981981984,0.005859375,0.0765465544619743,0.36,0.0909090909090908,0.0588235294117647,0.5161290322580645,0.5,Fatigue
0.1891891891891892,0.005859375,0.0765465544619743,0.36,0.0909090909090908,0.0588235294117647,0.5483870967741935,0.5588235294117647,Fatigue
0.6756756756756759,0.140625,0.3750000000000001,0.7200000000000001,0.5151515151515151,0.3529411764705882,0.3548387096774193,0.2941176470588235,Fatigue
0.3603603603603604,0.08203125,0.28641098093474,0.44,0.2424242424242424,0.2352941176470588,0.5806451612903225,0.6176470588235294,Fatigue
0.1801801801801803,0.00390625,0.0625,0.36,0.0909090909090908,0.0588235294117647,0.5483870967741935,0.5588235294117647,Fatigue
0.6126126126126126,0.0625,0.25,0.64,0.3939393939393938,0.2352941176470588,0.4838709677419354,0.5294117647058824,Fatigue
0.828828828828829,0.03515625,0.1875,0.88,0.5454545454545454,0.1764705882352941,0.4838709677419354,0.4705882352941176,Fatigue
0.0810810810810811,0.009765625,0.0988211768802618,0.2399999999999998,0.0303030303030302,0.1176470588235294,0.5483870967741935,0.5,Fatigue
0.4504504504504507,0.052734375,0.2296396633859229,0.5599999999999999,0.3333333333333332,0.2352941176470588,0.6774193548387096,0.6470588235294118,Fatigue
0.7117117117117118,0.0390625,0.1976423537605237,0.7999999999999999,0.4848484848484848,0.1764705882352941,0.6451612903225806,0.5588235294117647,Fatigue
0.3063063063063063,0.048828125,0.2209708691207961,0.4,0.2121212121212121,0.2352941176470588,0.5806451612903225,0.5,Fatigue
0.8108108108108112,0.0625,0.25,0.84,0.5454545454545454,0.2352941176470588,0.4193548387096774,0.3235294117647059,Fatigue
0.6306306306306309,0.0625,0.25,0.64,0.3939393939393938,0.2352941176470588,0.5483870967741935,0.4411764705882353,Fatigue
0.5495495495495495,0.11328125,0.3365728004459066,0.5599999999999999,0.3939393939393938,0.3529411764705882,0.6774193548387096,0.6470588235294118,Fatigue
0.4504504504504507,0.00390625,0.0625,0.6,0.2727272727272727,0.0588235294117647,0.5806451612903225,0.7352941176470589,Fatigue
0.1351351351351351,0.013671875,0.1169267933366857,0.2799999999999999,0.0606060606060605,0.1176470588235294,0.5806451612903225,0.4705882352941176,Fatigue
0.5315315315315317,0.1171875,0.3423265984407289,0.5599999999999999,0.3939393939393938,0.3529411764705882,0.4193548387096774,0.3529411764705882,Fatigue
0.6666666666666667,0.009765625,0.0988211768802618,0.7599999999999999,0.4242424242424243,0.1176470588235294,0.5483870967741935,0.5294117647058824,Fatigue
0.5855855855855858,0.140625,0.3750000000000001,0.5599999999999999,0.4242424242424243,0.4117647058823529,0.5483870967741935,0.5882352941176471,Fatigue
0.3783783783783785,0.015625,0.125,0.5199999999999999,0.2424242424242424,0.1176470588235294,0.4838709677419354,0.4411764705882353,Fatigue
0.8198198198198197,0.005859375,0.0765465544619743,0.92,0.5151515151515151,0.0588235294117647,0.5806451612903225,0.6470588235294118,Fatigue
0.7657657657657662,0.013671875,0.1169267933366857,0.84,0.4848484848484848,0.1176470588235294,0.5806451612903225,0.5294117647058824,Fatigue
0.7927927927927929,0.052734375,0.229639663385923,0.84,0.5454545454545454,0.2352941176470588,0.5806451612903225,0.5,Fatigue
0.4684684684684685,0.03515625,0.1875,0.6,0.3333333333333332,0.1764705882352941,0.4516129032258064,0.4117647058823529,Fatigue
0.3153153153153154,0.0234374999999999,0.1530931089239486,0.44,0.2121212121212121,0.1764705882352941,0.4838709677419354,0.4705882352941176,Fatigue
0.8468468468468469,0.009765625,0.0988211768802618,0.92,0.5454545454545454,0.1176470588235294,0.5806451612903225,0.5,Fatigue
0.6216216216216217,0.05859375,0.2420614591379636,0.64,0.3939393939393938,0.2352941176470588,0.5483870967741935,0.4705882352941176,Fatigue
0.6306306306306309,0.189453125,0.4352621336620039,0.5599999999999999,0.4545454545454546,0.4705882352941176,0.8064516129032258,0.6764705882352942,Fatigue
0.5855855855855858,0.140625,0.3750000000000001,0.5599999999999999,0.4242424242424243,0.4117647058823529,0.6774193548387096,0.5588235294117647,Fatigue
0.3783783783783785,0.015625,0.125,0.5199999999999999,0.2424242424242424,0.1176470588235294,0.4838709677419354,0.4411764705882353,Fatigue
0.0360360360360361,0.1171875,0.3423265984407289,0.12,0.0606060606060605,0.3529411764705882,0.7096774193548386,0.7352941176470589,Fatigue
0.8468468468468469,0.0390625,0.1976423537605237,0.88,0.5454545454545454,0.1764705882352941,0.5483870967741935,0.5,Fatigue
0.7747747747747746,0.064453125,0.2538762001448738,0.7999999999999999,0.5454545454545454,0.2941176470588235,0.6129032258064515,0.4705882352941176,Fatigue
0.1171171171171172,0.033203125,0.1822172467139156,0.2399999999999998,0.0606060606060605,0.1764705882352941,0.5161290322580645,0.4705882352941176,Fatigue
0.3243243243243243,0.083984375,0.2898005779842408,0.44,0.2727272727272727,0.2941176470588235,0.5161290322580645,0.3529411764705882,Fatigue
0.783783783783784,0.015625,0.125,0.88,0.5151515151515151,0.1176470588235294,0.4838709677419354,0.4117647058823529,Fatigue
0.7567567567567568,0.0390625,0.1976423537605237,0.7999999999999999,0.5151515151515151,0.2352941176470588,0.6129032258064515,0.4411764705882353,Fatigue
0.7117117117117118,0.0390625,0.1976423537605237,0.7999999999999999,0.4848484848484848,0.1764705882352941,0.6451612903225806,0.5588235294117647,Fatigue
0.8648648648648647,0.005859375,0.0765465544619743,0.96,0.5454545454545454,0.0588235294117647,0.5806451612903225,0.5294117647058824,Fatigue
0.7657657657657662,0.052734375,0.2296396633859229,0.7999999999999999,0.5151515151515151,0.2352941176470588,0.4516129032258064,0.3823529411764705,Fatigue
0.0090090090090089,0.2109375,0.459279326771846,0.0,0.0606060606060605,0.5294117647058824,0.8387096774193548,0.7647058823529411,Fatigue
0.6756756756756759,0.052734375,0.2296396633859229,0.7599999999999999,0.4545454545454546,0.1764705882352941,0.6451612903225806,0.5882352941176471,Fatigue
0.6666666666666667,0.126953125,0.3563048203434806,0.64,0.4848484848484848,0.4117647058823529,0.7741935483870968,0.7058823529411764,Fatigue
0.1801801801801803,0.0234375,0.1530931089239486,0.3199999999999999,0.1212121212121211,0.1764705882352941,0.5483870967741935,0.5,Fatigue
0.144144144144144,0.005859375,0.0765465544619743,0.3199999999999999,0.0606060606060605,0.0588235294117647,0.5806451612903225,0.4705882352941176,Fatigue
0.1261261261261261,0.029296875,0.1711632992203644,0.2399999999999998,0.0606060606060605,0.1764705882352941,0.5806451612903225,0.5882352941176471,Fatigue
0.783783783783784,0.03515625,0.1875,0.84,0.5151515151515151,0.1764705882352941,0.4516129032258064,0.4705882352941176,Fatigue
0.1621621621621622,0.0039062499999999,0.0625,0.3199999999999999,0.0606060606060605,0.0588235294117647,0.5483870967741935,0.3529411764705882,Fatigue
0.7117117117117118,0.0390625,0.1976423537605237,0.7999999999999999,0.4848484848484848,0.1764705882352941,0.5483870967741935,0.6176470588235294,Fatigue
0.1171171171171172,0.013671875,0.1169267933366857,0.2799999999999999,0.0606060606060605,0.1176470588235294,0.5483870967741935,0.4411764705882353,Fatigue
0.063063063063063,0.025390625,0.1593443597997745,0.2,0.0303030303030302,0.1764705882352941,0.6451612903225806,0.5,Fatigue
0.2972972972972971,0.04296875,0.2072890493972125,0.4,0.2121212121212121,0.2352941176470588,0.6129032258064515,0.5294117647058824,Fatigue
0.1261261261261261,0.009765625,0.0988211768802618,0.2799999999999999,0.0606060606060605,0.1176470588235294,0.5483870967741935,0.4705882352941176,Fatigue
0.7657657657657662,0.013671875,0.1169267933366857,0.84,0.4848484848484848,0.1176470588235294,0.5806451612903225,0.5588235294117647,Fatigue
0.4414414414414416,0.13671875,0.3697549864437261,0.4800000000000001,0.3636363636363635,0.4117647058823529,0.3870967741935484,0.4705882352941176,Fatigue
0.7657657657657662,0.04296875,0.2072890493972125,0.7999999999999999,0.5151515151515151,0.2352941176470588,0.6774193548387096,0.6176470588235294,Fatigue
0.8108108108108112,0.08203125,0.28641098093474,0.7999999999999999,0.5454545454545454,0.2941176470588235,0.7096774193548386,0.5882352941176471,Fatigue
0.1711711711711712,0.009765625,0.0988211768802618,0.3199999999999999,0.0909090909090908,0.1176470588235294,0.5161290322580645,0.5,Fatigue
0.5765765765765767,0.6250000000000001,0.7905694150420951,0.5599999999999999,0.6363636363636362,0.8235294117647058,1.0,0.9117647058823528,Fatigue
0.4144144144144144,0.015625,0.125,0.5599999999999999,0.2727272727272727,0.1176470588235294,0.4838709677419354,0.4705882352941176,Fatigue
0.1711711711711712,0.0390625,0.1976423537605237,0.2799999999999999,0.1212121212121211,0.2352941176470588,0.4838709677419354,0.4411764705882353,Fatigue
0.5945945945945945,0.279296875,0.5284854539152427,0.6,0.4848484848484848,0.4705882352941176,0.2903225806451612,0.2647058823529412,Fatigue
0.7477477477477479,0.072265625,0.2688226645950821,0.7599999999999999,0.5151515151515151,0.2941176470588235,0.5161290322580645,0.4117647058823529,Fatigue
0.3693693693693693,0.005859375,0.0765465544619743,0.5199999999999999,0.2121212121212121,0.0588235294117647,0.5806451612903225,0.5,Fatigue
0.8018018018018018,0.029296875,0.1711632992203644,0.84,0.5151515151515151,0.1764705882352941,0.4516129032258064,0.4705882352941176,Fatigue
0.0,0.1796875,0.4238956239453293,0.0,0.0303030303030302,0.4705882352941176,0.4838709677419354,0.5,Fatigue
0.8018018018018018,0.009765625,0.0988211768802618,0.88,0.5151515151515151,0.1176470588235294,0.5806451612903225,0.6176470588235294,Fatigue
0.6486486486486487,0.03515625,0.1875,0.7200000000000001,0.4242424242424243,0.1764705882352941,0.4838709677419354,0.5294117647058824,Fatigue
0.1171171171171172,0.08203125,0.2864109809347401,0.2399999999999998,0.0909090909090908,0.2352941176470588,0.5483870967741935,0.5,Fatigue
0.1351351351351351,0.013671875,0.1169267933366857,0.2799999999999999,0.0606060606060605,0.1176470588235294,0.5161290322580645,0.4411764705882353,Fatigue
0.7657657657657662,0.0332031249999999,0.1822172467139156,0.84,0.5151515151515151,0.1764705882352941,0.4516129032258064,0.3823529411764705,Fatigue
0.6846846846846848,0.005859375,0.0765465544619743,0.7999999999999999,0.4242424242424243,0.0588235294117647,0.5161290322580645,0.4705882352941176,Fatigue
0.8018018018018018,0.048828125,0.2209708691207961,0.84,0.5454545454545454,0.2352941176470588,0.4516129032258064,0.4411764705882353,Fatigue
0.5765765765765767,0.078125,0.2795084971874738,0.64,0.3939393939393938,0.2352941176470588,0.5483870967741935,0.4411764705882353,Fatigue
0.9009009009009012,0.00390625,0.0625,1.0,0.5757575757575757,0.0588235294117647,0.5161290322580645,0.5294117647058824,Fatigue
0.1801801801801803,0.00390625,0.0625,0.36,0.0909090909090908,0.0588235294117647,0.5806451612903225,0.5,Fatigue
0.7567567567567568,0.107421875,0.3277527650531724,0.7599999999999999,0.5151515151515151,0.2941176470588235,0.4193548387096774,0.4117647058823529,Fatigue
0.1351351351351351,0.072265625,0.2688226645950821,0.2,0.0909090909090908,0.2941176470588235,0.3870967741935484,0.3235294117647059,Fatigue
0.3873873873873872,0.052734375,0.2296396633859229,0.44,0.2424242424242424,0.2352941176470588,0.5483870967741935,0.5,Fatigue
0.6306306306306309,0.140625,0.3750000000000001,0.6,0.4545454545454546,0.4117647058823529,0.3225806451612902,0.1764705882352941,Fatigue
0.144144144144144,0.015625,0.125,0.2799999999999999,0.0606060606060605,0.1176470588235294,0.5806451612903225,0.4411764705882353,Fatigue
0.7567567567567568,0.068359375,0.2614562582918987,0.7999999999999999,0.5454545454545454,0.2941176470588235,0.4838709677419354,0.3529411764705882,Fatigue
0.9369369369369368,0.009765625,0.0988211768802618,1.0,0.606060606060606,0.1176470588235294,0.5483870967741935,0.4411764705882353,Fatigue
0.7747747747747746,0.005859375,0.0765465544619743,0.88,0.4848484848484848,0.0588235294117647,0.5483870967741935,0.5,Fatigue
0.7297297297297296,0.044921875,0.2119478119726646,0.7999999999999999,0.4848484848484848,0.1764705882352941,0.4516129032258064,0.3823529411764705,Fatigue
0.3243243243243243,0.0546875,0.2338535866733714,0.44,0.2424242424242424,0.2352941176470588,0.6129032258064515,0.4705882352941176,Fatigue
0.7747747747747746,0.015625,0.125,0.84,0.4848484848484848,0.1176470588235294,0.5161290322580645,0.4705882352941176,Fatigue
0.4054054054054055,0.0332031249999999,0.1822172467139156,0.4800000000000001,0.2424242424242424,0.1764705882352941,0.6451612903225806,0.7352941176470589,Fatigue
0.4504504504504507,0.0234375,0.1530931089239486,0.5599999999999999,0.2727272727272727,0.1176470588235294,0.6129032258064515,0.5588235294117647,Fatigue
0.2972972972972971,0.130859375,0.3617449032121946,0.36,0.2727272727272727,0.4117647058823529,0.6774193548387096,0.5882352941176471,Fatigue
0.783783783783784,0.103515625,0.3217384419058439,0.7599999999999999,0.5454545454545454,0.3529411764705882,0.4516129032258064,0.4411764705882353,Fatigue
0.09009009009009,0.013671875,0.1169267933366857,0.2399999999999998,0.0303030303030302,0.1176470588235294,0.5806451612903225,0.4117647058823529,Fatigue
0.7657657657657662,0.0332031249999999,0.1822172467139156,0.7999999999999999,0.4848484848484848,0.1764705882352941,0.5483870967741935,0.3529411764705882,Fatigue
0.1621621621621622,0.013671875,0.1169267933366857,0.3199999999999999,0.0909090909090908,0.1176470588235294,0.5483870967741935,0.5,Fatigue
0.7027027027027026,0.0234374999999999,0.1530931089239486,0.7599999999999999,0.4545454545454546,0.1764705882352941,0.6451612903225806,0.7352941176470589,Fatigue
0.0810810810810811,0.146484375,0.3827327723098717,0.12,0.0909090909090908,0.4117647058823529,0.7741935483870968,0.7058823529411764,Fatigue
0.6486486486486487,0.0546875,0.2338535866733714,0.7200000000000001,0.4545454545454546,0.2352941176470588,0.5483870967741935,0.4705882352941176,Fatigue
0.9099099099099102,0.025390625,0.1593443597997745,0.96,0.606060606060606,0.1764705882352941,0.6129032258064515,0.5588235294117647,Fatigue
0.3603603603603604,0.0332031249999999,0.1822172467139156,0.44,0.2121212121212121,0.1764705882352941,0.6451612903225806,0.5588235294117647,Fatigue
0.3153153153153154,0.111328125,0.3336586953759785,0.36,0.2424242424242424,0.3529411764705882,0.3548387096774193,0.3529411764705882,Fatigue
0.6846846846846848,0.025390625,0.1593443597997745,0.7599999999999999,0.4545454545454546,0.1764705882352941,0.4838709677419354,0.3823529411764705,Fatigue
0.6846846846846848,0.07421875,0.2724311839712922,0.7599999999999999,0.4848484848484848,0.2352941176470588,0.5483870967741935,0.5294117647058824,Fatigue
0.7477477477477479,0.072265625,0.2688226645950821,0.7599999999999999,0.5151515151515151,0.2941176470588235,0.5161290322580645,0.4117647058823529,Fatigue
0.7117117117117118,0.029296875,0.1711632992203644,0.7999999999999999,0.4848484848484848,0.1764705882352941,0.5806451612903225,0.6764705882352942,Fatigue
0.6396396396396395,0.015625,0.125,0.7200000000000001,0.3939393939393938,0.1176470588235294,0.6129032258064515,0.6176470588235294,Fatigue
0.6846846846846848,0.015625,0.125,0.7999999999999999,0.4545454545454546,0.1176470588235294,0.5483870967741935,0.5588235294117647,Fatigue
0.6306306306306309,0.0625,0.25,0.64,0.3939393939393938,0.2352941176470588,0.5483870967741935,0.4411764705882353,Fatigue
0.5945945945945945,0.279296875,0.5284854539152428,0.5599999999999999,0.5151515151515151,0.5882352941176471,0.7096774193548386,0.6764705882352942,Fatigue
0.4864864864864866,0.107421875,0.3277527650531724,0.5599999999999999,0.3939393939393938,0.3529411764705882,0.5806451612903225,0.6176470588235294,Fatigue
0.5855855855855858,0.140625,0.3750000000000001,0.5599999999999999,0.4242424242424243,0.4117647058823529,0.5483870967741935,0.5882352941176471,Fatigue
0.1801801801801803,0.00390625,0.0625,0.36,0.0909090909090908,0.0588235294117647,0.5483870967741935,0.5588235294117647,Fatigue
0.7117117117117118,0.0390625,0.1976423537605237,0.7599999999999999,0.4545454545454546,0.1764705882352941,0.4516129032258064,0.5,Fatigue
0.3153153153153154,0.0234374999999999,0.1530931089239486,0.44,0.2121212121212121,0.1764705882352941,0.4516129032258064,0.4117647058823529,Fatigue
0.4324324324324324,0.208984375,0.4571480886977436,0.4800000000000001,0.3939393939393938,0.4705882352941176,0.7741935483870968,0.7647058823529411,Fatigue
0.3963963963963963,0.0390625,0.1976423537605237,0.4800000000000001,0.2424242424242424,0.1764705882352941,0.4838709677419354,0.4411764705882353,Fatigue
0.1261261261261261,0.01953125,0.1397542485937369,0.2799999999999999,0.0606060606060605,0.1176470588235294,0.4838709677419354,0.3529411764705882,Fatigue
0.9369369369369368,0.009765625,0.0988211768802618,1.0,0.606060606060606,0.1176470588235294,0.5483870967741935,0.4411764705882353,Fatigue
0.8108108108108112,0.0332031249999999,0.1822172467139156,0.88,0.5454545454545454,0.1764705882352941,0.6129032258064515,0.7352941176470589,Fatigue
0.4054054054054055,0.0332031249999999,0.1822172467139156,0.4800000000000001,0.2424242424242424,0.1764705882352941,0.5483870967741935,0.4411764705882353,Fatigue
0.6576576576576576,0.013671875,0.1169267933366857,0.7599999999999999,0.4242424242424243,0.1176470588235294,0.6129032258064515,0.5882352941176471,Fatigue
0.1711711711711712,0.1171875,0.3423265984407289,0.2399999999999998,0.1515151515151513,0.3529411764705882,0.4838709677419354,0.4411764705882353,Fatigue
0.3333333333333335,0.03515625,0.1875,0.44,0.2121212121212121,0.1764705882352941,0.4516129032258064,0.4411764705882353,Fatigue
0.1621621621621622,0.0039062499999999,0.0625,0.3199999999999999,0.0606060606060605,0.0588235294117647,0.5806451612903225,0.6764705882352942,Fatigue
0.1621621621621622,0.0234375,0.1530931089239486,0.2799999999999999,0.0909090909090908,0.1764705882352941,0.4838709677419354,0.4411764705882353,Fatigue
0.7567567567567568,0.009765625,0.0988211768802618,0.84,0.4848484848484848,0.1176470588235294,0.5806451612903225,0.4411764705882353,Fatigue
0.7927927927927929,0.013671875,0.1169267933366857,0.88,0.5151515151515151,0.1176470588235294,0.5161290322580645,0.6470588235294118,Fatigue
0.1711711711711712,0.029296875,0.1711632992203644,0.3199999999999999,0.1212121212121211,0.1764705882352941,0.5483870967741935,0.5,Fatigue
0.7117117117117118,0.0390625,0.1976423537605237,0.7599999999999999,0.4545454545454546,0.1764705882352941,0.6129032258064515,0.4117647058823529,Fatigue
0.2432432432432434,0.015625,0.125,0.4,0.1515151515151513,0.1176470588235294,0.5483870967741935,0.5,Fatigue
0.7927927927927929,0.013671875,0.1169267933366857,0.88,0.5151515151515151,0.1176470588235294,0.5161290322580645,0.4705882352941176,Fatigue
0.6396396396396395,0.025390625,0.1593443597997745,0.7200000000000001,0.4242424242424243,0.1764705882352941,0.5806451612903225,0.5,Fatigue
0.4054054054054055,0.0234374999999999,0.1530931089239486,0.5199999999999999,0.2727272727272727,0.1764705882352941,0.5483870967741935,0.5588235294117647,Fatigue
0.1171171171171172,0.052734375,0.2296396633859229,0.2,0.0606060606060605,0.2352941176470588,0.5806451612903225,0.5294117647058824,Fatigue
0.0810810810810811,0.146484375,0.3827327723098717,0.12,0.0909090909090908,0.4117647058823529,0.7741935483870968,0.7058823529411764,Fatigue
0.8378378378378379,0.013671875,0.1169267933366857,0.92,0.5454545454545454,0.1176470588235294,0.5483870967741935,0.5294117647058824,Fatigue
0.1981981981981984,0.015625,0.125,0.3199999999999999,0.0909090909090908,0.1176470588235294,0.5483870967741935,0.5,Fatigue
0.1261261261261261,0.009765625,0.0988211768802618,0.2799999999999999,0.0606060606060605,0.1176470588235294,0.5483870967741935,0.5588235294117647,Fatigue
0.873873873873874,0.3671875,0.6059599821770413,0.84,0.7575757575757576,0.6470588235294118,0.8064516129032258,0.6470588235294118,Fatigue
0.3873873873873872,0.0234375,0.1530931089239486,0.4800000000000001,0.2424242424242424,0.1764705882352941,0.5161290322580645,0.5294117647058824,Fatigue
0.8648648648648647,0.005859375,0.0765465544619743,0.96,0.5454545454545454,0.0588235294117647,0.5806451612903225,0.6176470588235294,Fatigue
0.5405405405405408,0.0625,0.25,0.64,0.3939393939393938,0.2352941176470588,0.6129032258064515,0.5588235294117647,Fatigue
0.0990990990990989,0.03515625,0.1875,0.2399999999999998,0.0606060606060605,0.1764705882352941,0.5806451612903225,0.4411764705882353,Fatigue
0.1981981981981984,0.025390625,0.1593443597997745,0.3199999999999999,0.1212121212121211,0.1764705882352941,0.6451612903225806,0.5588235294117647,Fatigue
0.2972972972972971,0.04296875,0.2072890493972125,0.4,0.2121212121212121,0.2352941176470588,0.5161290322580645,0.4411764705882353,Fatigue
0.6486486486486487,0.025390625,0.1593443597997745,0.7200000000000001,0.4242424242424243,0.1764705882352941,0.5161290322580645,0.4411764705882353,Fatigue
0.7567567567567568,0.05859375,0.2420614591379636,0.7599999999999999,0.4848484848484848,0.2352941176470588,0.5483870967741935,0.4705882352941176,Fatigue
0.3333333333333335,0.044921875,0.2119478119726646,0.44,0.2121212121212121,0.1764705882352941,0.5483870967741935,0.6764705882352942,Fatigue
0.6666666666666667,0.078125,0.2795084971874738,0.7200000000000001,0.4848484848484848,0.2941176470588235,0.6129032258064515,0.6176470588235294,Fatigue
0.5225225225225225,0.072265625,0.2688226645950821,0.5599999999999999,0.3636363636363635,0.2941176470588235,0.6774193548387096,0.6176470588235294,Fatigue
0.7117117117117118,0.048828125,0.2209708691207961,0.7599999999999999,0.4848484848484848,0.2352941176470588,0.4838709677419354,0.4117647058823529,Fatigue
0.2072072072072071,0.00390625,0.0625,0.36,0.0909090909090908,0.0588235294117647,0.5161290322580645,0.4411764705882353,Fatigue
0.7657657657657662,0.0234374999999999,0.1530931089239486,0.84,0.5151515151515151,0.1764705882352941,0.5806451612903225,0.5294117647058824,Fatigue
0.7117117117117118,0.01953125,0.1397542485937369,0.7999999999999999,0.4545454545454546,0.1176470588235294,0.4838709677419354,0.3529411764705882,Fatigue
0.3963963963963963,0.029296875,0.1711632992203644,0.4800000000000001,0.2424242424242424,0.1764705882352941,0.5806451612903225,0.4411764705882353,Fatigue
0.4414414414414416,0.05859375,0.2420614591379636,0.5599999999999999,0.3333333333333332,0.2352941176470588,0.4193548387096774,0.5,Fatigue
0.7567567567567568,0.05859375,0.2420614591379636,0.7599999999999999,0.4848484848484848,0.2352941176470588,0.6451612903225806,0.5588235294117647,Fatigue
0.1171171171171172,0.013671875,0.1169267933366857,0.2799999999999999,0.0606060606060605,0.1176470588235294,0.5483870967741935,0.4411764705882353,Fatigue
0.8198198198198197,0.044921875,0.2119478119726646,0.84,0.5454545454545454,0.2352941176470588,0.5806451612903225,0.5882352941176471,Fatigue
0.7927927927927929,0.052734375,0.229639663385923,0.84,0.5454545454545454,0.2352941176470588,0.5806451612903225,0.5,Fatigue
0.7117117117117118,0.048828125,0.2209708691207961,0.7599999999999999,0.4848484848484848,0.2352941176470588,0.4838709677419354,0.4117647058823529,Fatigue
0.1981981981981984,0.025390625,0.1593443597997745,0.3199999999999999,0.1212121212121211,0.1764705882352941,0.6451612903225806,0.5588235294117647,Fatigue
0.1351351351351351,0.033203125,0.1822172467139156,0.2799999999999999,0.0909090909090908,0.1764705882352941,0.5806451612903225,0.5882352941176471,Fatigue
0.144144144144144,0.015625,0.125,0.2799999999999999,0.0606060606060605,0.1176470588235294,0.6129032258064515,0.6470588235294118,Fatigue
0.7477477477477479,0.091796875,0.3029799910885206,0.7999999999999999,0.5454545454545454,0.2941176470588235,0.5161290322580645,0.5,Fatigue
0.7657657657657662,0.00390625,0.0625,0.88,0.4848484848484848,0.0588235294117647,0.5161290322580645,0.4117647058823529,Fatigue
0.4414414414414416,0.1171875,0.3423265984407289,0.5199999999999999,0.3636363636363635,0.3529411764705882,0.7419354838709677,0.6470588235294118,Fatigue
0.144144144144144,0.064453125,0.2538762001448738,0.2399999999999998,0.0909090909090908,0.2352941176470588,0.5161290322580645,0.4705882352941176,Fatigue
0.1171171171171172,0.111328125,0.3336586953759785,0.2,0.1212121212121211,0.3529411764705882,0.3870967741935484,0.3529411764705882,Fatigue
0.5855855855855858,0.140625,0.3750000000000001,0.5599999999999999,0.4242424242424243,0.4117647058823529,0.5483870967741935,0.5882352941176471,Fatigue
0.7297297297297296,0.09375,0.3061862178478973,0.7999999999999999,0.5454545454545454,0.2941176470588235,0.6129032258064515,0.5588235294117647,Fatigue
0.7477477477477479,0.013671875,0.1169267933366857,0.84,0.4848484848484848,0.1176470588235294,0.5483870967741935,0.5588235294117647,Fatigue
0.7927927927927929,0.013671875,0.1169267933366857,0.88,0.5151515151515151,0.1176470588235294,0.5161290322580645,0.4411764705882353,Fatigue
0.8198198198198197,0.07421875,0.2724311839712922,0.7999999999999999,0.5454545454545454,0.2941176470588235,0.4193548387096774,0.3823529411764705,Fatigue
0.2162162162162162,0.009765625,0.0988211768802618,0.36,0.1212121212121211,0.1176470588235294,0.5483870967741935,0.6176470588235294,Fatigue
0.8108108108108112,0.033203125,0.1822172467139156,0.88,0.5454545454545454,0.1764705882352941,0.5806451612903225,0.4705882352941176,Fatigue
0.3693693693693693,0.064453125,0.2538762001448738,0.44,0.2424242424242424,0.2352941176470588,0.4516129032258064,0.3235294117647059,Fatigue
0.8918918918918919,0.05859375,0.2420614591379636,0.96,0.6363636363636362,0.2352941176470588,0.4193548387096774,0.2941176470588235,Fatigue
0.7927927927927929,0.052734375,0.2296396633859229,0.84,0.5454545454545454,0.2352941176470588,0.5806451612903225,0.3823529411764705,Fatigue
0.783783783783784,0.044921875,0.2119478119726646,0.84,0.5454545454545454,0.2352941176470588,0.6129032258064515,0.6176470588235294,Fatigue
0.2882882882882884,0.0546875,0.2338535866733714,0.4,0.2121212121212121,0.2352941176470588,0.4193548387096774,0.3529411764705882,Fatigue
0.6756756756756759,0.0332031249999999,0.1822172467139156,0.7599999999999999,0.4545454545454546,0.1764705882352941,0.6129032258064515,0.5,Fatigue
0.783783783783784,0.025390625,0.1593443597997745,0.84,0.5151515151515151,0.1764705882352941,0.4838709677419354,0.4117647058823529,Fatigue
0.7297297297297296,0.044921875,0.2119478119726646,0.7999999999999999,0.4848484848484848,0.1764705882352941,0.5483870967741935,0.5,Fatigue
0.5045045045045045,0.0546875,0.2338535866733714,0.5599999999999999,0.3333333333333332,0.2352941176470588,0.5483870967741935,0.5,Fatigue
0.1801801801801803,0.013671875,0.1169267933366857,0.3199999999999999,0.0909090909090908,0.1176470588235294,0.5483870967741935,0.5,Fatigue
0.7117117117117118,0.0390625,0.1976423537605237,0.7599999999999999,0.4545454545454546,0.1764705882352941,0.6129032258064515,0.4117647058823529,Fatigue
0.144144144144144,0.005859375,0.0765465544619743,0.3199999999999999,0.0606060606060605,0.0588235294117647,0.5483870967741935,0.4411764705882353,Fatigue
0.8018018018018018,0.029296875,0.1711632992203644,0.88,0.5454545454545454,0.1764705882352941,0.4838709677419354,0.4411764705882353,Fatigue
0.7657657657657662,0.091796875,0.3029799910885206,0.7599999999999999,0.5454545454545454,0.3529411764705882,0.5161290322580645,0.4411764705882353,Fatigue
0.6576576576576576,0.0332031249999999,0.1822172467139156,0.7599999999999999,0.4545454545454546,0.1764705882352941,0.5483870967741935,0.5,Fatigue
0.6486486486486487,0.044921875,0.2119478119726646,0.7200000000000001,0.4545454545454546,0.2352941176470588,0.6774193548387096,0.5882352941176471,Fatigue
0.2792792792792793,0.005859375,0.0765465544619743,0.44,0.1515151515151513,0.0588235294117647,0.5806451612903225,0.2941176470588235,Fatigue
0.7567567567567568,0.087890625,0.2964635306407856,0.7599999999999999,0.5454545454545454,0.3529411764705882,0.6451612903225806,0.5882352941176471,Fatigue
0.09009009009009,0.0234375,0.1530931089239486,0.2399999999999998,0.0606060606060605,0.1764705882352941,0.5483870967741935,0.5,Fatigue
0.2882882882882884,0.0546875,0.2338535866733714,0.4,0.2121212121212121,0.2352941176470588,0.4193548387096774,0.3529411764705882,Fatigue
0.7927927927927929,0.0332031249999999,0.1822172467139156,0.84,0.5151515151515151,0.1764705882352941,0.5806451612903225,0.7352941176470589,Fatigue
0.8918918918918919,0.05859375,0.2420614591379636,0.96,0.6363636363636362,0.2352941176470588,0.4193548387096774,0.2941176470588235,Fatigue
0.4504504504504507,0.130859375,0.3617449032121946,0.4800000000000001,0.3636363636363635,0.4117647058823529,0.3225806451612902,0.2941176470588235,Fatigue
0.4864864864864866,0.029296875,0.1711632992203644,0.6,0.3333333333333332,0.1764705882352941,0.5806451612903225,0.5294117647058824,Fatigue
0.0810810810810811,0.048828125,0.2209708691207961,0.2,0.0606060606060605,0.2352941176470588,0.4838709677419354,0.4411764705882353,Fatigue
0.2162162162162162,0.009765625,0.0988211768802618,0.36,0.1212121212121211,0.1176470588235294,0.5483870967741935,0.5882352941176471,Fatigue
0.3513513513513513,0.078125,0.2795084971874738,0.44,0.2727272727272727,0.2941176470588235,0.4193548387096774,0.3235294117647059,Fatigue
0.7747747747747746,0.005859375,0.0765465544619743,0.88,0.4848484848484848,0.0588235294117647,0.5161290322580645,0.5,Fatigue
0.3963963963963963,0.029296875,0.1711632992203644,0.4800000000000001,0.2424242424242424,0.1764705882352941,0.5483870967741935,0.5882352941176471,Fatigue
0.6846846846846848,0.103515625,0.3217384419058438,0.7200000000000001,0.5151515151515151,0.3529411764705882,0.3548387096774193,0.2941176470588235,Fatigue
0.8018018018018018,0.029296875,0.1711632992203644,0.88,0.5454545454545454,0.1764705882352941,0.5806451612903225,0.5588235294117647,Fatigue
0.4234234234234235,0.0546875,0.2338535866733714,0.4800000000000001,0.2727272727272727,0.2352941176470588,0.5806451612903225,0.5294117647058824,Fatigue
0.7567567567567568,0.029296875,0.1711632992203644,0.7999999999999999,0.4848484848484848,0.1764705882352941,0.4516129032258064,0.4411764705882353,Fatigue
0.7207207207207209,0.08203125,0.28641098093474,0.7599999999999999,0.4848484848484848,0.2352941176470588,0.6774193548387096,0.5294117647058824,Fatigue
0.8018018018018018,0.068359375,0.2614562582918987,0.84,0.5454545454545454,0.2352941176470588,0.4516129032258064,0.1764705882352941,Fatigue
0.7927927927927929,0.00390625,0.0625,0.88,0.4848484848484848,0.0588235294117647,0.5483870967741935,0.5294117647058824,Fatigue
0.783783783783784,0.064453125,0.2538762001448738,0.7999999999999999,0.5454545454545454,0.2941176470588235,0.7096774193548386,0.6470588235294118,Fatigue
0.7927927927927929,0.052734375,0.2296396633859229,0.7999999999999999,0.5151515151515151,0.2352941176470588,0.5806451612903225,0.5882352941176471,Fatigue
0.3513513513513513,0.048828125,0.2209708691207961,0.44,0.2424242424242424,0.2352941176470588,0.4838709677419354,0.4411764705882353,Fatigue
0.4504504504504507,0.0234375,0.1530931089239486,0.5599999999999999,0.2727272727272727,0.1176470588235294,0.4838709677419354,0.4411764705882353,Fatigue
0.1621621621621622,0.0234375,0.1530931089239487,0.2799999999999999,0.0909090909090908,0.1764705882352941,0.5483870967741935,0.5,Fatigue
0.1621621621621622,0.0039062499999999,0.0625,0.3199999999999999,0.0606060606060605,0.0588235294117647,0.5483870967741935,0.5882352941176471,Fatigue
0.8018018018018018,0.0390625,0.1976423537605237,0.88,0.5454545454545454,0.1764705882352941,0.6451612903225806,0.5588235294117647,Fatigue
0.2792792792792793,0.1328125,0.3644344934278313,0.2799999999999999,0.2121212121212121,0.4117647058823529,0.4838709677419354,0.4411764705882353,Fatigue
0.7657657657657662,0.04296875,0.2072890493972125,0.7999999999999999,0.5151515151515151,0.2352941176470588,0.4838709677419354,0.4411764705882353,Fatigue
0.783783783783784,0.025390625,0.1593443597997745,0.84,0.5151515151515151,0.1764705882352941,0.4838709677419354,0.4117647058823529,Fatigue
0.1261261261261261,0.009765625,0.0988211768802618,0.2799999999999999,0.0606060606060605,0.1176470588235294,0.5483870967741935,0.4705882352941176,Fatigue
0.2342342342342342,0.103515625,0.3217384419058439,0.2799999999999999,0.1515151515151513,0.2941176470588235,0.4516129032258064,0.3823529411764705,Fatigue
0.6756756756756759,0.072265625,0.2688226645950821,0.7200000000000001,0.4848484848484848,0.2941176470588235,0.6129032258064515,0.6764705882352942,Fatigue
0.7207207207207209,0.111328125,0.3336586953759785,0.7200000000000001,0.5151515151515151,0.3529411764705882,0.7419354838709677,0.7352941176470589,Fatigue
0.1261261261261261,0.009765625,0.0988211768802618,0.2799999999999999,0.0606060606060605,0.1176470588235294,0.5483870967741935,0.4705882352941176,Fatigue
0.7567567567567568,0.068359375,0.2614562582918987,0.7599999999999999,0.5151515151515151,0.2941176470588235,0.5161290322580645,0.4411764705882353,Fatigue
0.1621621621621622,0.033203125,0.1822172467139156,0.2799999999999999,0.0909090909090908,0.1764705882352941,0.6129032258064515,0.5882352941176471,Fatigue
0.2792792792792793,0.064453125,0.2538762001448738,0.36,0.2121212121212121,0.2941176470588235,0.3870967741935484,0.3235294117647059,Fatigue
0.7657657657657662,0.04296875,0.2072890493972125,0.7999999999999999,0.5151515151515151,0.2352941176470588,0.4838709677419354,0.5294117647058824,Fatigue
0.09009009009009,0.31640625,0.5625000000000001,0.0,0.0606060606060605,0.5294117647058824,0.5483870967741935,0.5294117647058824,Fatigue
0.5495495495495495,0.1328125,0.3644344934278313,0.5599999999999999,0.4242424242424243,0.4117647058823529,0.3225806451612902,0.2941176470588235,Fatigue
0.6576576576576576,0.013671875,0.1169267933366857,0.7599999999999999,0.4242424242424243,0.1176470588235294,0.5806451612903225,0.5294117647058824,Fatigue
0.8468468468468469,0.0,0.0,0.96,0.5151515151515151,0.0,0.5483870967741935,0.5882352941176471,Fatigue
0.6846846846846848,0.103515625,0.3217384419058438,0.7200000000000001,0.5151515151515151,0.3529411764705882,0.3548387096774193,0.2941176470588235,Fatigue
0.5315315315315317,0.1171875,0.3423265984407289,0.5599999999999999,0.3939393939393938,0.3529411764705882,0.4193548387096774,0.3529411764705882,Fatigue
0.7657657657657662,0.04296875,0.2072890493972125,0.7999999999999999,0.5151515151515151,0.2352941176470588,0.6774193548387096,0.6176470588235294,Fatigue
0.873873873873874,0.005859375,0.0765465544619743,0.96,0.5454545454545454,0.0588235294117647,0.5483870967741935,0.4411764705882353,Fatigue
0.7027027027027026,0.0332031249999999,0.1822172467139156,0.7599999999999999,0.4545454545454546,0.1764705882352941,0.4838709677419354,0.2647058823529412,Fatigue
0.783783783783784,0.044921875,0.2119478119726646,0.84,0.5454545454545454,0.2352941176470588,0.6129032258064515,0.6176470588235294,Fatigue
0.3693693693693693,0.044921875,0.2119478119726646,0.44,0.2424242424242424,0.2352941176470588,0.6451612903225806,0.5,Fatigue
0.3063063063063063,0.05859375,0.2420614591379636,0.44,0.2424242424242424,0.2352941176470588,0.5483870967741935,0.4705882352941176,Fatigue
0.4324324324324324,0.0332031249999999,0.1822172467139156,0.5199999999999999,0.2727272727272727,0.1764705882352941,0.6129032258064515,0.4411764705882353,Fatigue
0.3153153153153154,0.04296875,0.2072890493972125,0.4,0.2121212121212121,0.2352941176470588,0.5806451612903225,0.5588235294117647,Fatigue
0.7657657657657662,0.091796875,0.3029799910885206,0.7599999999999999,0.5454545454545454,0.3529411764705882,0.5161290322580645,0.4411764705882353,Fatigue
0.8198198198198197,0.025390625,0.1593443597997745,0.88,0.5454545454545454,0.1764705882352941,0.5161290322580645,0.5,Fatigue
0.7207207207207209,0.0332031249999999,0.1822172467139156,0.7599999999999999,0.4545454545454546,0.1764705882352941,0.5161290322580645,0.5,Fatigue
0.1891891891891892,0.005859375,0.0765465544619743,0.36,0.0909090909090908,0.0588235294117647,0.5161290322580645,0.4411764705882353,Fatigue
0.7927927927927929,0.0625,0.25,0.7999999999999999,0.5454545454545454,0.2941176470588235,0.6129032258064515,0.5,Fatigue
0.3963963963963963,0.0390625,0.1976423537605237,0.4800000000000001,0.2727272727272727,0.2352941176470588,0.6129032258064515,0.6176470588235294,Fatigue
0.144144144144144,0.005859375,0.0765465544619743,0.3199999999999999,0.0606060606060605,0.0588235294117647,0.5806451612903225,0.4705882352941176,Fatigue
0.8648648648648647,0.005859375,0.0765465544619743,0.96,0.5454545454545454,0.0588235294117647,0.5483870967741935,0.5,Fatigue
0.7027027027027026,0.052734375,0.2296396633859229,0.7599999999999999,0.4848484848484848,0.2352941176470588,0.5806451612903225,0.5588235294117647,Fatigue
0.4054054054054055,0.0332031249999999,0.1822172467139156,0.4800000000000001,0.2424242424242424,0.1764705882352941,0.5483870967741935,0.4411764705882353,Fatigue
0.6756756756756759,1.0,1.0,0.6,0.7575757575757576,1.0,0.0,0.0,Fatigue
0.4324324324324324,0.0332031249999999,0.1822172467139156,0.5199999999999999,0.2727272727272727,0.1764705882352941,0.6129032258064515,0.4411764705882353,Fatigue
0.7297297297297296,0.09375,0.3061862178478974,0.7999999999999999,0.5454545454545454,0.2941176470588235,0.4516129032258064,0.3529411764705882,Fatigue
0.8108108108108112,0.08203125,0.28641098093474,0.7999999999999999,0.5454545454545454,0.2941176470588235,0.7096774193548386,0.8529411764705882,Fatigue
0.1891891891891892,0.005859375,0.0765465544619743,0.36,0.0909090909090908,0.0588235294117647,0.5806451612903225,0.4705882352941176,Fatigue
0.9009009009009012,0.00390625,0.0625,1.0,0.5757575757575757,0.0588235294117647,0.5483870967741935,0.5882352941176471,Fatigue
0.4324324324324324,0.0234375,0.1530931089239486,0.5599999999999999,0.2727272727272727,0.1176470588235294,0.4838709677419354,0.4705882352941176,Fatigue
0.1351351351351351,0.033203125,0.1822172467139157,0.2399999999999998,0.0606060606060605,0.1764705882352941,0.6451612903225806,0.6764705882352942,Fatigue
0.7027027027027026,0.052734375,0.2296396633859229,0.7599999999999999,0.4545454545454546,0.1764705882352941,0.4516129032258064,0.4411764705882353,Fatigue
0.6576576576576576,0.04296875,0.2072890493972125,0.7200000000000001,0.4545454545454546,0.2352941176470588,0.5806451612903225,0.5,Fatigue
0.1981981981981984,0.025390625,0.1593443597997745,0.3199999999999999,0.1212121212121211,0.1764705882352941,0.5161290322580645,0.4705882352941176,Fatigue
0.7027027027027026,0.033203125,0.1822172467139156,0.7599999999999999,0.4545454545454546,0.1764705882352941,0.5806451612903225,0.5294117647058824,Fatigue
0.2792792792792793,0.0546875,0.2338535866733714,0.4,0.2121212121212121,0.2352941176470588,0.6774193548387096,0.6176470588235294,Fatigue
0.6756756756756759,0.0234374999999999,0.1530931089239486,0.7599999999999999,0.4545454545454546,0.1764705882352941,0.5806451612903225,0.5882352941176471,Fatigue
0.4684684684684685,0.083984375,0.2898005779842408,0.5599999999999999,0.3636363636363635,0.2941176470588235,0.5483870967741935,0.6764705882352942,Fatigue
0.7567567567567568,0.029296875,0.1711632992203644,0.84,0.5151515151515151,0.1764705882352941,0.5161290322580645,0.3823529411764705,Fatigue
0.6936936936936939,0.015625,0.125,0.7999999999999999,0.4545454545454546,0.1176470588235294,0.6129032258064515,0.5294117647058824,Fatigue
0.6846846846846848,0.025390625,0.1593443597997745,0.7599999999999999,0.4545454545454546,0.1764705882352941,0.4516129032258064,0.4117647058823529,Fatigue
0.6846846846846848,0.103515625,0.3217384419058438,0.7200000000000001,0.5151515151515151,0.3529411764705882,0.3548387096774193,0.2941176470588235,Fatigue
0.09009009009009,0.013671875,0.1169267933366857,0.2399999999999998,0.0303030303030302,0.1176470588235294,0.5806451612903225,0.4117647058823529,Fatigue
0.7747747747747746,0.005859375,0.0765465544619743,0.88,0.4848484848484848,0.0588235294117647,0.5161290322580645,0.5,Fatigue
0.4324324324324324,0.00390625,0.0625,0.5599999999999999,0.2424242424242424,0.0588235294117647,0.5806451612903225,0.7647058823529411,Fatigue
0.7657657657657662,0.04296875,0.2072890493972125,0.7999999999999999,0.5151515151515151,0.2352941176470588,0.5806451612903225,0.5,Fatigue
0.4144144144144144,0.015625,0.125,0.5199999999999999,0.2424242424242424,0.1176470588235294,0.5806451612903225,0.4117647058823529,Fatigue
0.7567567567567568,0.068359375,0.2614562582918987,0.7599999999999999,0.5151515151515151,0.2941176470588235,0.4838709677419354,0.4705882352941176,Fatigue
0.7297297297297296,0.03515625,0.1875,0.7999999999999999,0.4848484848484848,0.1764705882352941,0.6129032258064515,0.5588235294117647,Fatigue
0.3963963963963963,0.029296875,0.1711632992203644,0.4800000000000001,0.2424242424242424,0.1764705882352941,0.5483870967741935,0.5882352941176471,Fatigue
0.6756756756756759,0.052734375,0.2296396633859229,0.7599999999999999,0.4545454545454546,0.1764705882352941,0.5483870967741935,0.4705882352941176,Fatigue
0.1621621621621622,0.130859375,0.3617449032121946,0.2399999999999998,0.1515151515151513,0.3529411764705882,0.5161290322580645,0.5,Fatigue
0.4504504504504507,0.013671875,0.1169267933366857,0.5599999999999999,0.2727272727272727,0.1176470588235294,0.5161290322580645,0.5588235294117647,Fatigue
0.873873873873874,0.015625,0.125,0.92,0.5454545454545454,0.1176470588235294,0.6129032258064515,0.5,Fatigue
0.738738738738739,0.083984375,0.2898005779842408,0.7599999999999999,0.5151515151515151,0.2941176470588235,0.5161290322580645,0.4117647058823529,Fatigue
0.6396396396396395,0.005859375,0.0765465544619743,0.7599999999999999,0.3939393939393938,0.0588235294117647,0.5483870967741935,0.4411764705882353,Fatigue
0.3153153153153154,0.052734375,0.2296396633859229,0.44,0.2424242424242424,0.2352941176470588,0.5806451612903225,0.6764705882352942,Fatigue
0.7297297297297296,0.015625,0.125,0.7999999999999999,0.4545454545454546,0.1176470588235294,0.5483870967741935,0.5294117647058824,Fatigue
0.2162162162162162,0.009765625,0.0988211768802618,0.36,0.1212121212121211,0.1176470588235294,0.5161290322580645,0.5588235294117647,Fatigue
0.7297297297297296,0.044921875,0.2119478119726646,0.7999999999999999,0.4848484848484848,0.1764705882352941,0.5483870967741935,0.5,Fatigue
0.8108108108108112,0.0234374999999999,0.1530931089239486,0.88,0.5454545454545454,0.1764705882352941,0.4838709677419354,0.4411764705882353,Fatigue
0.3513513513513513,0.05859375,0.2420614591379636,0.4,0.2121212121212121,0.2352941176470588,0.4193548387096774,0.3823529411764705,Fatigue
0.7117117117117118,0.0390625,0.1976423537605237,0.7599999999999999,0.4545454545454546,0.1764705882352941,0.5483870967741935,0.4705882352941176,Fatigue
0.6756756756756759,0.0332031249999999,0.1822172467139156,0.7599999999999999,0.4545454545454546,0.1764705882352941,0.5161290322580645,0.5294117647058824,Fatigue
0.3513513513513513,0.029296875,0.1711632992203644,0.44,0.2121212121212121,0.1764705882352941,0.4838709677419354,0.5,Fatigue
0.9369369369369368,0.009765625,0.0988211768802618,1.0,0.606060606060606,0.1176470588235294,0.5483870967741935,0.4411764705882353,Fatigue
0.2072072072072071,0.013671875,0.1169267933366857,0.36,0.1212121212121211,0.1176470588235294,0.5806451612903225,0.5588235294117647,Fatigue
0.3603603603603604,0.140625,0.3750000000000001,0.4800000000000001,0.3333333333333332,0.3529411764705882,0.3548387096774193,0.2352941176470588,Fatigue
0.1801801801801803,0.04296875,0.2072890493972125,0.2799999999999999,0.1212121212121211,0.2352941176470588,0.6451612903225806,0.5588235294117647,Fatigue
0.3063063063063063,0.087890625,0.2964635306407856,0.36,0.2121212121212121,0.2941176470588235,0.5483870967741935,0.5,Fatigue
0.8018018018018018,0.048828125,0.2209708691207961,0.84,0.5454545454545454,0.2352941176470588,0.4516129032258064,0.4411764705882353,Fatigue
0.7027027027027026,0.013671875,0.1169267933366857,0.7999999999999999,0.4545454545454546,0.1176470588235294,0.5161290322580645,0.5,Fatigue
0.783783783783784,0.103515625,0.3217384419058439,0.7599999999999999,0.5454545454545454,0.3529411764705882,0.4516129032258064,0.4411764705882353,Fatigue
0.1531531531531531,0.025390625,0.1593443597997745,0.2799999999999999,0.0909090909090908,0.1764705882352941,0.5161290322580645,0.5294117647058824,Fatigue
0.7657657657657662,0.013671875,0.1169267933366857,0.84,0.4848484848484848,0.1176470588235294,0.5806451612903225,0.4411764705882353,Fatigue
0.7747747747747746,0.044921875,0.2119478119726646,0.7999999999999999,0.5151515151515151,0.2352941176470588,0.4838709677419354,0.3823529411764705,Fatigue
0.7567567567567568,0.068359375,0.2614562582918987,0.7599999999999999,0.5151515151515151,0.2941176470588235,0.5161290322580645,0.4411764705882353,Fatigue
0.0810810810810811,0.048828125,0.2209708691207961,0.2,0.0606060606060605,0.2352941176470588,0.6129032258064515,0.6176470588235294,Fatigue
0.783783783783784,0.0546875,0.2338535866733714,0.7999999999999999,0.5151515151515151,0.2352941176470588,0.6774193548387096,0.6764705882352942,Fatigue
0.8018018018018018,0.6640625000000001,0.8149003006503314,0.64,0.7575757575757576,0.9411764705882352,0.3870967741935484,0.4117647058823529,Fatigue
0.2072072072072071,0.013671875,0.1169267933366857,0.36,0.1212121212121211,0.1176470588235294,0.5483870967741935,0.5294117647058824,Fatigue
0.7927927927927929,0.072265625,0.2688226645950821,0.7999999999999999,0.5454545454545454,0.2941176470588235,0.4516129032258064,0.3529411764705882,Fatigue
0.3153153153153154,0.0234375,0.1530931089239486,0.44,0.2121212121212121,0.1764705882352941,0.6129032258064515,0.5,Fatigue
0.1621621621621622,0.130859375,0.3617449032121946,0.2399999999999998,0.1515151515151513,0.3529411764705882,0.5161290322580645,0.5,Fatigue
0.6756756756756759,0.0234374999999999,0.1530931089239486,0.7599999999999999,0.4545454545454546,0.1764705882352941,0.5806451612903225,0.5588235294117647,Fatigue
0.7207207207207209,0.0625,0.25,0.7999999999999999,0.5151515151515151,0.2352941176470588,0.4838709677419354,0.4411764705882353,Fatigue
0.3063063063063063,0.087890625,0.2964635306407856,0.36,0.2121212121212121,0.2941176470588235,0.5483870967741935,0.5,Fatigue
0.3513513513513513,0.078125,0.2795084971874738,0.44,0.2727272727272727,0.2941176470588235,0.4193548387096774,0.3235294117647059,Fatigue
0.4774774774774775,0.04296875,0.2072890493972125,0.5599999999999999,0.3333333333333332,0.2352941176470588,0.4838709677419354,0.4411764705882353,Fatigue
0.6756756756756759,0.013671875,0.1169267933366857,0.7599999999999999,0.4242424242424243,0.1176470588235294,0.5806451612903225,0.5294117647058824,Fatigue
0.045045045045045,0.04296875,0.2072890493972125,0.16,0.0303030303030302,0.2352941176470588,0.5806451612903225,0.5294117647058824,Fatigue
0.7297297297297296,0.103515625,0.3217384419058439,0.7599999999999999,0.5151515151515151,0.2941176470588235,0.5483870967741935,0.3235294117647059,Fatigue
0.1531531531531531,0.005859375,0.0765465544619743,0.3199999999999999,0.0606060606060605,0.0588235294117647,0.5806451612903225,0.5588235294117647,Fatigue
0.6936936936936939,0.064453125,0.2538762001448738,0.7599999999999999,0.4848484848484848,0.2352941176470588,0.5161290322580645,0.4705882352941176,Fatigue
0.8108108108108112,0.0332031249999999,0.1822172467139156,0.88,0.5454545454545454,0.1764705882352941,0.6129032258064515,0.7352941176470589,Fatigue
0.2792792792792793,0.044921875,0.2119478119726646,0.4,0.2121212121212121,0.2352941176470588,0.4516129032258064,0.6176470588235294,Fatigue
0.3063063063063063,0.107421875,0.3277527650531724,0.4,0.2424242424242424,0.2941176470588235,0.5806451612903225,0.5294117647058824,Fatigue
0.8018018018018018,0.029296875,0.1711632992203644,0.88,0.5454545454545454,0.1764705882352941,0.5161290322580645,0.4411764705882353,Fatigue
0.7927927927927929,0.1015625,0.3186887195995491,0.7599999999999999,0.5454545454545454,0.3529411764705882,0.7419354838709677,0.7058823529411764,Fatigue
0.1081081081081081,0.03515625,0.1875,0.2399999999999998,0.0606060606060605,0.1764705882352941,0.5161290322580645,0.2941176470588235,Fatigue
0.3513513513513513,0.01953125,0.1397542485937369,0.4800000000000001,0.2121212121212121,0.1176470588235294,0.5483870967741935,0.4705882352941176,Fatigue
0.1261261261261261,0.068359375,0.2614562582918987,0.2399999999999998,0.0909090909090908,0.2352941176470588,0.5161290322580645,0.4411764705882353,Fatigue
0.9369369369369368,0.009765625,0.0988211768802618,1.0,0.606060606060606,0.1176470588235294,0.5483870967741935,0.4411764705882353,Fatigue
0.6486486486486487,0.025390625,0.1593443597997745,0.7200000000000001,0.4242424242424243,0.1764705882352941,0.5161290322580645,0.4411764705882353,Fatigue
0.7567567567567568,0.048828125,0.2209708691207961,0.7999999999999999,0.5151515151515151,0.2352941176470588,0.6129032258064515,0.5294117647058824,Fatigue
0.7297297297297296,0.044921875,0.2119478119726646,0.7999999999999999,0.4848484848484848,0.1764705882352941,0.5483870967741935,0.5,Fatigue
0.6576576576576576,0.00390625,0.0625,0.7599999999999999,0.3939393939393938,0.0588235294117647,0.5483870967741935,0.4411764705882353,Fatigue
0.8018018018018018,0.078125,0.2795084971874738,0.7999999999999999,0.5454545454545454,0.2941176470588235,0.4838709677419354,0.5588235294117647,Fatigue
0.7747747747747746,0.005859375,0.0765465544619743,0.88,0.4848484848484848,0.0588235294117647,0.5483870967741935,0.5,Fatigue
0.6486486486486487,0.07421875,0.2724311839712922,0.7200000000000001,0.4848484848484848,0.2941176470588235,0.6774193548387096,0.6176470588235294,Fatigue
0.1621621621621622,0.013671875,0.1169267933366857,0.3199999999999999,0.0909090909090908,0.1176470588235294,0.5161290322580645,0.5,Fatigue
0.8558558558558562,0.013671875,0.1169267933366857,0.92,0.5454545454545454,0.1176470588235294,0.4838709677419354,0.4411764705882353,Fatigue
0.6486486486486487,0.044921875,0.2119478119726646,0.7200000000000001,0.4545454545454546,0.2352941176470588,0.6774193548387096,0.5882352941176471,Fatigue
0.3153153153153154,0.00390625,0.0625,0.4800000000000001,0.1818181818181816,0.0588235294117647,0.5483870967741935,0.3823529411764705,Fatigue
0.1621621621621622,0.04296875,0.2072890493972125,0.2799999999999999,0.1212121212121211,0.2352941176470588,0.6129032258064515,0.4705882352941176,Fatigue
0.6396396396396395,0.11328125,0.3365728004459066,0.64,0.4545454545454546,0.3529411764705882,0.7419354838709677,0.5588235294117647,Fatigue
0.7297297297297296,0.025390625,0.1593443597997745,0.7999999999999999,0.4848484848484848,0.1764705882352941,0.6129032258064515,0.5294117647058824,Fatigue
0.7207207207207209,0.0625,0.25,0.7599999999999999,0.4848484848484848,0.2352941176470588,0.6774193548387096,0.6764705882352942,Fatigue
0.7747747747747746,0.09375,0.3061862178478973,0.7599999999999999,0.5454545454545454,0.3529411764705882,0.6451612903225806,0.5882352941176471,Fatigue
0.7657657657657662,0.04296875,0.2072890493972125,0.7999999999999999,0.5151515151515151,0.2352941176470588,0.6774193548387096,0.6176470588235294,Fatigue
0.6756756756756759,0.0234375,0.1530931089239486,0.7599999999999999,0.4242424242424243,0.1176470588235294,0.5483870967741935,0.6176470588235294,Fatigue
0.2792792792792793,0.015625,0.125,0.4,0.1515151515151513,0.1176470588235294,0.5483870967741935,0.5294117647058824,Fatigue
0.8108108108108112,0.033203125,0.1822172467139156,0.88,0.5454545454545454,0.1764705882352941,0.5806451612903225,0.4705882352941176,Fatigue
0.8018018018018018,0.009765625,0.0988211768802618,0.88,0.5151515151515151,0.1176470588235294,0.5806451612903225,0.6176470588235294,Fatigue
0.882882882882883,0.00390625,0.0625,0.96,0.5454545454545454,0.0588235294117647,0.5483870967741935,0.5,Fatigue
0.738738738738739,0.083984375,0.2898005779842408,0.7599999999999999,0.5151515151515151,0.2941176470588235,0.6129032258064515,0.6470588235294118,Fatigue
0.7117117117117118,0.029296875,0.1711632992203644,0.7599999999999999,0.4545454545454546,0.1764705882352941,0.6129032258064515,0.6764705882352942,Fatigue
0.2072072072072071,0.013671875,0.1169267933366857,0.36,0.1212121212121211,0.1176470588235294,0.5806451612903225,0.5588235294117647,Fatigue
0.6756756756756759,0.0234375,0.1530931089239486,0.7599999999999999,0.4242424242424243,0.1176470588235294,0.5483870967741935,0.6176470588235294,Fatigue
0.8648648648648647,0.005859375,0.0765465544619743,0.96,0.5454545454545454,0.0588235294117647,0.5483870967741935,0.5294117647058824,Fatigue
0.4144144144144144,0.015625,0.125,0.5599999999999999,0.2727272727272727,0.1176470588235294,0.4838709677419354,0.4705882352941176,Fatigue
0.7477477477477479,0.072265625,0.2688226645950821,0.7599999999999999,0.5151515151515151,0.2941176470588235,0.5161290322580645,0.4117647058823529,Fatigue
0.7477477477477479,0.12109375,0.3479852726768764,0.7999999999999999,0.5454545454545454,0.2941176470588235,0.5806451612903225,0.4705882352941176,Fatigue
0.1801801801801803,0.0625,0.25,0.2799999999999999,0.1515151515151513,0.2941176470588235,0.5483870967741935,0.5588235294117647,Fatigue
0.3243243243243243,0.0546875,0.2338535866733714,0.4,0.2121212121212121,0.2352941176470588,0.4838709677419354,0.6470588235294118,Fatigue
0.8108108108108112,0.0234375,0.1530931089239486,0.88,0.5454545454545454,0.1764705882352941,0.6129032258064515,0.4411764705882353,Fatigue
0.3693693693693693,0.044921875,0.2119478119726646,0.44,0.2424242424242424,0.2352941176470588,0.5483870967741935,0.5882352941176471,Fatigue
0.1081081081081081,0.044921875,0.2119478119726646,0.2399999999999998,0.0606060606060605,0.1764705882352941,0.6451612903225806,0.5294117647058824,Fatigue
0.4324324324324324,0.208984375,0.4571480886977436,0.4800000000000001,0.3939393939393938,0.4705882352941176,0.7741935483870968,0.7647058823529411,Fatigue
0.5765765765765767,0.146484375,0.3827327723098717,0.6,0.4545454545454546,0.4117647058823529,0.7419354838709677,0.4705882352941176,Fatigue
0.7297297297297296,0.044921875,0.2119478119726646,0.7599999999999999,0.4848484848484848,0.2352941176470588,0.5806451612903225,0.4705882352941176,Fatigue
0.2882882882882884,0.044921875,0.2119478119726646,0.4,0.2121212121212121,0.2352941176470588,0.4838709677419354,0.4705882352941176,Fatigue
0.7567567567567568,0.068359375,0.2614562582918987,0.7999999999999999,0.5151515151515151,0.2352941176470588,0.6451612903225806,0.6764705882352942,Fatigue
0.6486486486486487,0.025390625,0.1593443597997745,0.7200000000000001,0.4242424242424243,0.1764705882352941,0.4516129032258064,0.4117647058823529,Fatigue
0.8018018018018018,0.029296875,0.1711632992203644,0.88,0.5454545454545454,0.1764705882352941,0.5161290322580645,0.4411764705882353,Fatigue
0.7927927927927929,0.1015625,0.3186887195995491,0.7599999999999999,0.5454545454545454,0.3529411764705882,0.7419354838709677,0.7058823529411764,Fatigue
0.7567567567567568,0.029296875,0.1711632992203644,0.7999999999999999,0.4848484848484848,0.1764705882352941,0.4516129032258064,0.4411764705882353,Fatigue
0.8378378378378379,0.013671875,0.1169267933366857,0.92,0.5454545454545454,0.1176470588235294,0.5483870967741935,0.5294117647058824,Fatigue
0.4864864864864866,0.068359375,0.2614562582918987,0.5599999999999999,0.3636363636363635,0.2941176470588235,0.5483870967741935,0.5,Fatigue
0.7297297297297296,0.025390625,0.1593443597997745,0.7999999999999999,0.4848484848484848,0.1764705882352941,0.6129032258064515,0.5294117647058824,Fatigue
0.5765765765765767,0.126953125,0.3563048203434806,0.6,0.4242424242424243,0.3529411764705882,0.3548387096774193,0.3235294117647059,Fatigue
0.6756756756756759,0.0332031249999999,0.1822172467139156,0.7599999999999999,0.4545454545454546,0.1764705882352941,0.4838709677419354,0.4411764705882353,Fatigue
0.3513513513513513,0.078125,0.2795084971874738,0.44,0.2727272727272727,0.2941176470588235,0.4193548387096774,0.3235294117647059,Fatigue
0.7027027027027026,0.052734375,0.2296396633859229,0.7599999999999999,0.4848484848484848,0.2352941176470588,0.6129032258064515,0.5,Fatigue
0.4594594594594594,0.044921875,0.2119478119726646,0.5599999999999999,0.3333333333333332,0.2352941176470588,0.5806451612903225,0.5,Fatigue
0.6936936936936939,0.03515625,0.1875,0.7999999999999999,0.4848484848484848,0.1764705882352941,0.6451612903225806,0.5294117647058824,Fatigue
0.4594594594594594,0.298828125,0.546651740141747,0.4,0.3636363636363635,0.5294117647058824,0.7419354838709677,0.7058823529411764,Fatigue
0.4414414414414416,0.05859375,0.2420614591379636,0.5599999999999999,0.3333333333333332,0.2352941176470588,0.4193548387096774,0.5,Fatigue
0.783783783783784,0.015625,0.125,0.88,0.5151515151515151,0.1176470588235294,0.6129032258064515,0.3529411764705882,Fatigue
0.8018018018018018,0.048828125,0.2209708691207961,0.84,0.5454545454545454,0.2352941176470588,0.6129032258064515,0.6470588235294118,Fatigue
0.7477477477477479,0.033203125,0.1822172467139156,0.7999999999999999,0.4848484848484848,0.1764705882352941,0.5806451612903225,0.4117647058823529,Fatigue
0.882882882882883,0.00390625,0.0625,0.96,0.5454545454545454,0.0588235294117647,0.5161290322580645,0.5,Fatigue
0.4414414414414416,0.1171875,0.3423265984407289,0.5199999999999999,0.3636363636363635,0.3529411764705882,0.7419354838709677,0.6470588235294118,Fatigue
0.09009009009009,0.0234375,0.1530931089239486,0.2399999999999998,0.0606060606060605,0.1764705882352941,0.5483870967741935,0.5,Fatigue
0.018018018018018,0.11328125,0.3365728004459066,0.12,0.0606060606060605,0.3529411764705882,0.4193548387096774,0.3823529411764705,Fatigue
0.7297297297297296,0.005859375,0.0765465544619743,0.84,0.4545454545454546,0.0588235294117647,0.5483870967741935,0.5882352941176471,Fatigue
0.738738738738739,0.103515625,0.3217384419058439,0.7999999999999999,0.5454545454545454,0.2941176470588235,0.4516129032258064,0.3823529411764705,Fatigue
0.8648648648648647,0.005859375,0.0765465544619743,0.96,0.5454545454545454,0.0588235294117647,0.5483870967741935,0.5,Fatigue
0.3963963963963963,0.0390625,0.1976423537605237,0.4800000000000001,0.2727272727272727,0.2352941176470588,0.5483870967741935,0.5294117647058824,Fatigue
0.4594594594594594,0.279296875,0.5284854539152428,0.44,0.3636363636363635,0.4705882352941176,0.2903225806451612,0.1764705882352941,Fatigue
0.738738738738739,0.083984375,0.2898005779842408,0.7599999999999999,0.5151515151515151,0.2941176470588235,0.5161290322580645,0.4117647058823529,Fatigue
0.4504504504504507,0.00390625,0.0625,0.6,0.2727272727272727,0.0588235294117647,0.5806451612903225,0.5882352941176471,Fatigue
0.3603603603603604,0.0234374999999999,0.1530931089239486,0.4800000000000001,0.2424242424242424,0.1764705882352941,0.4838709677419354,0.3823529411764705,Fatigue
0.6486486486486487,0.07421875,0.2724311839712922,0.7200000000000001,0.4848484848484848,0.2941176470588235,0.6774193548387096,0.6176470588235294,Fatigue
0.7207207207207209,0.052734375,0.2296396633859229,0.7999999999999999,0.4848484848484848,0.1764705882352941,0.5483870967741935,0.4117647058823529,Fatigue
0.1801801801801803,0.0625,0.25,0.2799999999999999,0.1515151515151513,0.2941176470588235,0.6129032258064515,0.5,Fatigue
0.4144144144144144,0.03515625,0.1875,0.4800000000000001,0.2424242424242424,0.1764705882352941,0.6451612903225806,0.5882352941176471,Fatigue
0.3513513513513513,0.078125,0.2795084971874738,0.44,0.2727272727272727,0.2941176470588235,0.3870967741935484,0.5882352941176471,Fatigue
0.8018018018018018,0.048828125,0.2209708691207961,0.84,0.5454545454545454,0.2352941176470588,0.4516129032258064,0.4411764705882353,Fatigue
0.7207207207207209,0.111328125,0.3336586953759785,0.7200000000000001,0.5151515151515151,0.3529411764705882,0.7419354838709677,0.7352941176470589,Fatigue
0.1351351351351351,0.013671875,0.1169267933366857,0.2799999999999999,0.0606060606060605,0.1176470588235294,0.5806451612903225,0.5294117647058824,Fatigue
0.6576576576576576,0.013671875,0.1169267933366857,0.7599999999999999,0.4242424242424243,0.1176470588235294,0.5483870967741935,0.4705882352941176,Fatigue
0.4864864864864866,0.029296875,0.1711632992203644,0.6,0.3333333333333332,0.1764705882352941,0.6451612903225806,0.6176470588235294,Fatigue
0.8108108108108112,0.052734375,0.2296396633859229,0.84,0.5454545454545454,0.2352941176470588,0.5161290322580645,0.4117647058823529,Fatigue
0.3063063063063063,0.087890625,0.2964635306407856,0.36,0.2121212121212121,0.2941176470588235,0.5483870967741935,0.5,Fatigue
0.738738738738739,0.083984375,0.2898005779842408,0.7999999999999999,0.5454545454545454,0.2941176470588235,0.4193548387096774,0.4411764705882353,Fatigue
0.09009009009009,0.0234375,0.1530931089239487,0.2399999999999998,0.0606060606060605,0.1764705882352941,0.4838709677419354,0.5,Fatigue
0.7747747747747746,0.005859375,0.0765465544619743,0.88,0.4848484848484848,0.0588235294117647,0.5483870967741935,0.4411764705882353,Fatigue
0.6486486486486487,0.044921875,0.2119478119726646,0.7200000000000001,0.4545454545454546,0.2352941176470588,0.6774193548387096,0.5882352941176471,Fatigue
0.8198198198198197,0.015625,0.125,0.88,0.5151515151515151,0.1176470588235294,0.5483870967741935,0.5294117647058824,Fatigue
0.2522522522522521,0.0234375,0.1530931089239486,0.4,0.1515151515151513,0.1176470588235294,0.4838709677419354,0.6176470588235294,Fatigue
0.7567567567567568,0.048828125,0.2209708691207961,0.7999999999999999,0.5151515151515151,0.2352941176470588,0.4516129032258064,0.4411764705882353,Fatigue
0.6846846846846848,0.044921875,0.2119478119726646,0.7599999999999999,0.4545454545454546,0.1764705882352941,0.4516129032258064,0.5,Fatigue
0.6936936936936939,0.03515625,0.1875,0.7599999999999999,0.4545454545454546,0.1764705882352941,0.5806451612903225,0.5294117647058824,Fatigue
0.783783783783784,0.0546875,0.2338535866733714,0.7999999999999999,0.5151515151515151,0.2352941176470588,0.5161290322580645,0.3823529411764705,Fatigue
0.4774774774774775,0.12109375,0.3479852726768765,0.5599999999999999,0.3939393939393938,0.3529411764705882,0.5806451612903225,0.4411764705882353,Fatigue
0.783783783783784,0.03515625,0.1875,0.84,0.5151515151515151,0.1764705882352941,0.4516129032258064,0.4705882352941176,Fatigue
0.4774774774774775,0.04296875,0.2072890493972125,0.5599999999999999,0.3333333333333332,0.2352941176470588,0.6451612903225806,0.5294117647058824,Fatigue
0.3333333333333335,0.015625,0.125,0.4800000000000001,0.2121212121212121,0.1176470588235294,0.5483870967741935,0.3823529411764705,Fatigue
0.1261261261261261,0.126953125,0.3563048203434806,0.16,0.0909090909090908,0.3529411764705882,0.4838709677419354,0.3823529411764705,Fatigue
0.4594594594594594,0.279296875,0.5284854539152428,0.44,0.3636363636363635,0.4705882352941176,0.2903225806451612,0.1764705882352941,Fatigue
0.6846846846846848,0.044921875,0.2119478119726646,0.7599999999999999,0.4545454545454546,0.1764705882352941,0.5483870967741935,0.5294117647058824,Fatigue
0.7477477477477479,0.091796875,0.3029799910885206,0.7599999999999999,0.5454545454545454,0.3529411764705882,0.4193548387096774,0.4411764705882353,Fatigue
0.6306306306306309,0.0234375,0.1530931089239486,0.7200000000000001,0.3939393939393938,0.1176470588235294,0.5483870967741935,0.5294117647058824,Fatigue
0.4864864864864866,0.068359375,0.2614562582918987,0.5599999999999999,0.3636363636363635,0.2941176470588235,0.5161290322580645,0.4117647058823529,Fatigue
0.6306306306306309,0.0234375,0.1530931089239486,0.7200000000000001,0.3939393939393938,0.1176470588235294,0.5483870967741935,0.5294117647058824,Fatigue
0.8198198198198197,0.015625,0.125,0.88,0.5151515151515151,0.1176470588235294,0.5161290322580645,0.3823529411764705,Fatigue
0.1351351351351351,0.013671875,0.1169267933366857,0.2799999999999999,0.0606060606060605,0.1176470588235294,0.4838709677419354,0.4117647058823529,Fatigue
0.828828828828829,0.015625,0.125,0.92,0.5454545454545454,0.1176470588235294,0.4838709677419354,0.4705882352941176,Fatigue
0.7747747747747746,0.044921875,0.2119478119726646,0.7999999999999999,0.5151515151515151,0.2352941176470588,0.6774193548387096,0.6764705882352942,Fatigue
0.7747747747747746,0.064453125,0.2538762001448738,0.7999999999999999,0.5454545454545454,0.2941176470588235,0.6129032258064515,0.4705882352941176,Fatigue
0.4054054054054055,0.0234374999999999,0.1530931089239486,0.5199999999999999,0.2727272727272727,0.1764705882352941,0.5483870967741935,0.5588235294117647,Fatigue
0.8378378378378379,0.033203125,0.1822172467139156,0.88,0.5454545454545454,0.1764705882352941,0.4838709677419354,0.2941176470588235,Fatigue
0.6576576576576576,0.013671875,0.1169267933366857,0.7599999999999999,0.4242424242424243,0.1176470588235294,0.5483870967741935,0.4705882352941176,Fatigue
0.738738738738739,0.015625,0.125,0.7999999999999999,0.4545454545454546,0.1176470588235294,0.5483870967741935,0.5588235294117647,Fatigue
0.7117117117117118,0.029296875,0.1711632992203644,0.7599999999999999,0.4545454545454546,0.1764705882352941,0.6129032258064515,0.6764705882352942,Fatigue
0.4234234234234235,0.015625,0.125,0.5599999999999999,0.2727272727272727,0.1176470588235294,0.6129032258064515,0.4705882352941176,Fatigue
0.6666666666666667,0.009765625,0.0988211768802618,0.7599999999999999,0.4242424242424243,0.1176470588235294,0.5161290322580645,0.4411764705882353,Fatigue
0.8198198198198197,0.015625,0.125,0.88,0.5151515151515151,0.1176470588235294,0.4838709677419354,0.5,Fatigue
0.783783783783784,0.083984375,0.2898005779842408,0.7599999999999999,0.5151515151515151,0.2941176470588235,0.5161290322580645,0.4117647058823529,Fatigue
0.4054054054054055,0.04296875,0.2072890493972125,0.4800000000000001,0.2727272727272727,0.2352941176470588,0.4838709677419354,0.6176470588235294,Fatigue
0.1261261261261261,0.01953125,0.1397542485937369,0.2799999999999999,0.0606060606060605,0.1176470588235294,0.6129032258064515,0.5294117647058824,Fatigue
0.7297297297297296,0.03515625,0.1875,0.7999999999999999,0.4848484848484848,0.1764705882352941,0.4838709677419354,0.3529411764705882,Fatigue
0.7567567567567568,0.068359375,0.2614562582918987,0.7599999999999999,0.5151515151515151,0.2941176470588235,0.4838709677419354,0.4705882352941176,Fatigue
0.8018018018018018,0.048828125,0.2209708691207961,0.84,0.5454545454545454,0.2352941176470588,0.6451612903225806,0.5882352941176471,Fatigue
0.018018018018018,0.025390625,0.1593443597997745,0.16,0.0,0.1764705882352941,0.5483870967741935,0.5294117647058824,Fatigue
0.7567567567567568,0.029296875,0.1711632992203644,0.7999999999999999,0.4848484848484848,0.1764705882352941,0.4516129032258064,0.4411764705882353,Fatigue
0.6576576576576576,0.0332031249999999,0.1822172467139156,0.7599999999999999,0.4545454545454546,0.1764705882352941,0.5161290322580645,0.4705882352941176,Fatigue
0.6486486486486487,0.083984375,0.2898005779842408,0.64,0.4242424242424243,0.2941176470588235,0.5161290322580645,0.4411764705882353,Fatigue
0.7747747747747746,0.005859375,0.0765465544619743,0.88,0.4848484848484848,0.0588235294117647,0.5806451612903225,0.6470588235294118,Fatigue
0.3873873873873872,0.130859375,0.3617449032121946,0.44,0.3333333333333332,0.4117647058823529,0.6774193548387096,0.5588235294117647,Fatigue
0.1171171171171172,0.111328125,0.3336586953759785,0.2,0.1212121212121211,0.3529411764705882,0.3870967741935484,0.3529411764705882,Fatigue
0.1261261261261261,0.0390625,0.1976423537605237,0.2799999999999999,0.0909090909090908,0.1764705882352941,0.5483870967741935,0.5,Fatigue
0.6846846846846848,0.015625,0.125,0.7999999999999999,0.4545454545454546,0.1176470588235294,0.4838709677419354,0.4117647058823529,Fatigue
0.4594594594594594,0.005859375,0.0765465544619743,0.6,0.2727272727272727,0.0588235294117647,0.5483870967741935,0.5588235294117647,Fatigue
0.3873873873873872,0.130859375,0.3617449032121946,0.44,0.3333333333333332,0.4117647058823529,0.6774193548387096,0.5588235294117647,Fatigue
0.7747747747747746,0.015625,0.125,0.84,0.4848484848484848,0.1176470588235294,0.5161290322580645,0.5882352941176471,Fatigue
0.3153153153153154,0.189453125,0.4352621336620039,0.36,0.2727272727272727,0.4117647058823529,0.5806451612903225,0.5882352941176471,Fatigue
0.7657657657657662,0.072265625,0.2688226645950821,0.7999999999999999,0.5454545454545454,0.2941176470588235,0.6129032258064515,0.6764705882352942,Fatigue
0.4864864864864866,0.107421875,0.3277527650531724,0.5599999999999999,0.3939393939393938,0.3529411764705882,0.3548387096774193,0.3529411764705882,Fatigue
0.3063063063063063,0.087890625,0.2964635306407856,0.36,0.2121212121212121,0.2941176470588235,0.5483870967741935,0.5,Fatigue
0.1801801801801803,0.013671875,0.1169267933366857,0.3199999999999999,0.0909090909090908,0.1176470588235294,0.4838709677419354,0.2352941176470588,Fatigue
0.7567567567567568,0.029296875,0.1711632992203644,0.7999999999999999,0.4848484848484848,0.1764705882352941,0.5483870967741935,0.5294117647058824,Fatigue
0.3063063063063063,0.029296875,0.1711632992203644,0.44,0.2121212121212121,0.1764705882352941,0.5483870967741935,0.4705882352941176,Fatigue
0.6576576576576576,0.013671875,0.1169267933366857,0.7599999999999999,0.4242424242424243,0.1176470588235294,0.5806451612903225,0.5294117647058824,Fatigue
0.7567567567567568,0.048828125,0.2209708691207961,0.7999999999999999,0.5151515151515151,0.2352941176470588,0.5161290322580645,0.5,Fatigue
0.7297297297297296,0.07421875,0.2724311839712922,0.7599999999999999,0.5151515151515151,0.2941176470588235,0.4516129032258064,0.4411764705882353,Fatigue
0.6936936936936939,0.015625,0.125,0.7999999999999999,0.4545454545454546,0.1176470588235294,0.5483870967741935,0.5294117647058824,Fatigue
0.8108108108108112,0.0625,0.25,0.84,0.5454545454545454,0.2352941176470588,0.6129032258064515,0.5882352941176471,Fatigue
0.7117117117117118,0.029296875,0.1711632992203644,0.7599999999999999,0.4545454545454546,0.1764705882352941,0.6129032258064515,0.6764705882352942,Fatigue
0.3693693693693693,0.044921875,0.2119478119726646,0.44,0.2424242424242424,0.2352941176470588,0.4516129032258064,0.3823529411764705,Fatigue
0.7927927927927929,0.04296875,0.2072890493972125,0.84,0.5454545454545454,0.2352941176470588,0.6129032258064515,0.5882352941176471,Fatigue
0.6036036036036037,0.015625,0.125,0.7200000000000001,0.3939393939393938,0.1176470588235294,0.5161290322580645,0.4705882352941176,Fatigue
0.1261261261261261,0.009765625,0.0988211768802618,0.2799999999999999,0.0606060606060605,0.1176470588235294,0.5483870967741935,0.4705882352941176,Fatigue
0.8108108108108112,0.0332031249999999,0.1822172467139156,0.88,0.5454545454545454,0.1764705882352941,0.6129032258064515,0.7352941176470589,Fatigue
0.4234234234234235,0.03515625,0.1875,0.5199999999999999,0.2727272727272727,0.1764705882352941,0.6129032258064515,0.6176470588235294,Fatigue
0.1081081081081081,0.044921875,0.2119478119726646,0.2399999999999998,0.0606060606060605,0.1764705882352941,0.6451612903225806,0.5294117647058824,Fatigue
0.8018018018018018,0.01953125,0.1397542485937369,0.88,0.5151515151515151,0.1176470588235294,0.6129032258064515,0.6176470588235294,Fatigue
0.7477477477477479,0.033203125,0.1822172467139156,0.7999999999999999,0.4848484848484848,0.1764705882352941,0.5806451612903225,0.4117647058823529,Fatigue
0.1171171171171172,0.052734375,0.229639663385923,0.2399999999999998,0.0909090909090908,0.2352941176470588,0.6451612903225806,0.4411764705882353,Fatigue
0.828828828828829,0.015625,0.125,0.92,0.5454545454545454,0.1176470588235294,0.6129032258064515,0.5294117647058824,Fatigue
0.7927927927927929,0.04296875,0.2072890493972125,0.84,0.5454545454545454,0.2352941176470588,0.6129032258064515,0.5882352941176471,Fatigue
0.8648648648648647,0.005859375,0.0765465544619743,0.96,0.5454545454545454,0.0588235294117647,0.5161290322580645,0.4411764705882353,Fatigue
0.8018018018018018,0.048828125,0.2209708691207961,0.84,0.5454545454545454,0.2352941176470588,0.4838709677419354,0.5882352941176471,Fatigue
0.4144144144144144,0.025390625,0.1593443597997745,0.5199999999999999,0.2727272727272727,0.1764705882352941,0.4838709677419354,0.5,Fatigue
0.8108108108108112,0.0332031249999999,0.1822172467139156,0.88,0.5454545454545454,0.1764705882352941,0.6129032258064515,0.7352941176470589,Fatigue
0.6216216216216217,0.01953125,0.1397542485937369,0.7200000000000001,0.3939393939393938,0.1176470588235294,0.5483870967741935,0.4705882352941176,Fatigue
0.1261261261261261,0.01953125,0.1397542485937369,0.2799999999999999,0.0606060606060605,0.1176470588235294,0.4838709677419354,0.3529411764705882,Fatigue
0.5135135135135136,0.07421875,0.2724311839712922,0.5599999999999999,0.3636363636363635,0.2941176470588235,0.3870967741935484,0.3529411764705882,Fatigue
0.7207207207207209,0.013671875,0.1169267933366857,0.7999999999999999,0.4545454545454546,0.1176470588235294,0.4838709677419354,0.4705882352941176,Fatigue
0.4954954954954957,0.0625,0.25,0.5599999999999999,0.3636363636363635,0.2941176470588235,0.5483870967741935,0.5588235294117647,Fatigue
0.4414414414414416,0.13671875,0.3697549864437261,0.4800000000000001,0.3636363636363635,0.4117647058823529,0.3870967741935484,0.4705882352941176,Fatigue
0.4594594594594594,0.005859375,0.0765465544619743,0.6,0.2727272727272727,0.0588235294117647,0.5806451612903225,0.4117647058823529,Fatigue
0.5765765765765767,0.126953125,0.3563048203434806,0.6,0.4242424242424243,0.3529411764705882,0.3548387096774193,0.3235294117647059,Fatigue
0.3423423423423422,0.091796875,0.3029799910885207,0.4,0.2727272727272727,0.3529411764705882,0.5483870967741935,0.5882352941176471,Fatigue
0.3243243243243243,0.083984375,0.2898005779842408,0.36,0.2121212121212121,0.2941176470588235,0.7096774193548386,0.6470588235294118,Fatigue
0.2882882882882884,0.0546875,0.2338535866733714,0.4,0.2121212121212121,0.2352941176470588,0.4193548387096774,0.3529411764705882,Fatigue
0.1351351351351351,0.0234375,0.1530931089239487,0.2799999999999999,0.0606060606060605,0.1176470588235294,0.5483870967741935,0.5588235294117647,Fatigue
0.7027027027027026,0.052734375,0.2296396633859229,0.7599999999999999,0.4848484848484848,0.2352941176470588,0.6774193548387096,0.7647058823529411,Fatigue
0.2342342342342342,0.103515625,0.3217384419058439,0.2799999999999999,0.1515151515151513,0.2941176470588235,0.4516129032258064,0.3823529411764705,Fatigue
0.4324324324324324,0.0234375,0.1530931089239486,0.5599999999999999,0.2727272727272727,0.1176470588235294,0.4838709677419354,0.4705882352941176,Fatigue
0.3693693693693693,0.044921875,0.2119478119726646,0.44,0.2424242424242424,0.2352941176470588,0.4516129032258064,0.3823529411764705,Fatigue
0.7747747747747746,0.064453125,0.2538762001448738,0.7999999999999999,0.5151515151515151,0.2352941176470588,0.4193548387096774,0.3529411764705882,Fatigue
0.4504504504504507,0.00390625,0.0625,0.6,0.2727272727272727,0.0588235294117647,0.5806451612903225,0.6764705882352942,Fatigue
0.2792792792792793,0.0546875,0.2338535866733714,0.4,0.2121212121212121,0.2352941176470588,0.5161290322580645,0.3823529411764705,Fatigue
0.3063063063063063,0.048828125,0.2209708691207961,0.4,0.2121212121212121,0.2352941176470588,0.4516129032258064,0.3823529411764705,Fatigue
0.3693693693693693,0.03515625,0.1875,0.44,0.2121212121212121,0.1764705882352941,0.5483870967741935,0.4117647058823529,Fatigue
0.8198198198198197,0.025390625,0.1593443597997745,0.88,0.5454545454545454,0.1764705882352941,0.6129032258064515,0.5588235294117647,Fatigue
0.6666666666666667,0.009765625,0.0988211768802618,0.7599999999999999,0.4242424242424243,0.1176470588235294,0.5483870967741935,0.5,Fatigue
0.7297297297297296,0.015625,0.125,0.7999999999999999,0.4545454545454546,0.1176470588235294,0.5483870967741935,0.7352941176470589,Fatigue
0.6486486486486487,0.044921875,0.2119478119726646,0.7200000000000001,0.4545454545454546,0.2352941176470588,0.6774193548387096,0.5882352941176471,Fatigue
0.6846846846846848,0.044921875,0.2119478119726646,0.7599999999999999,0.4545454545454546,0.1764705882352941,0.5483870967741935,0.5294117647058824,Fatigue
0.4594594594594594,0.015625,0.125,0.5599999999999999,0.2727272727272727,0.1176470588235294,0.4838709677419354,0.5,Fatigue
0.6846846846846848,0.044921875,0.2119478119726646,0.7599999999999999,0.4545454545454546,0.1764705882352941,0.5483870967741935,0.5294117647058824,Fatigue
0.6576576576576576,0.013671875,0.1169267933366857,0.7599999999999999,0.4242424242424243,0.1176470588235294,0.6129032258064515,0.5882352941176471,Fatigue
0.8648648648648647,0.015625,0.125,0.92,0.5454545454545454,0.1176470588235294,0.4838709677419354,0.5,Fatigue
0.1171171171171172,0.052734375,0.2296396633859229,0.2,0.0606060606060605,0.2352941176470588,0.5483870967741935,0.3529411764705882,Fatigue
0.7297297297297296,0.025390625,0.1593443597997745,0.7999999999999999,0.4848484848484848,0.1764705882352941,0.6129032258064515,0.5294117647058824,Fatigue
0.7297297297297296,0.015625,0.125,0.7999999999999999,0.4545454545454546,0.1176470588235294,0.5483870967741935,0.5294117647058824,Fatigue
0.4504504504504507,0.00390625,0.0625,0.6,0.2727272727272727,0.0588235294117647,0.5806451612903225,0.5882352941176471,Fatigue
0.5405405405405408,0.091796875,0.3029799910885206,0.6,0.3939393939393938,0.2941176470588235,0.4193548387096774,0.4705882352941176,Fatigue
0.4414414414414416,0.05859375,0.2420614591379636,0.5599999999999999,0.3333333333333332,0.2352941176470588,0.4193548387096774,0.5,Fatigue
0.7567567567567568,0.107421875,0.3277527650531724,0.7599999999999999,0.5151515151515151,0.2941176470588235,0.5483870967741935,0.5,Fatigue
0.1081081081081081,0.044921875,0.2119478119726646,0.2399999999999998,0.0606060606060605,0.1764705882352941,0.6129032258064515,0.6470588235294118,Fatigue
0.4504504504504507,0.00390625,0.0625,0.6,0.2727272727272727,0.0588235294117647,0.5806451612903225,0.6470588235294118,Fatigue
0.3153153153153154,0.189453125,0.4352621336620039,0.36,0.2727272727272727,0.4117647058823529,0.5806451612903225,0.5882352941176471,Fatigue
0.3513513513513513,0.048828125,0.2209708691207961,0.44,0.2424242424242424,0.2352941176470588,0.4838709677419354,0.4411764705882353,Fatigue
0.4954954954954957,0.0234374999999999,0.1530931089239486,0.6,0.3333333333333332,0.1764705882352941,0.5483870967741935,0.5588235294117647,Fatigue
0.1531531531531531,0.005859375,0.0765465544619743,0.3199999999999999,0.0606060606060605,0.0588235294117647,0.5483870967741935,0.4411764705882353,Fatigue
0.144144144144144,0.015625,0.125,0.2799999999999999,0.0606060606060605,0.1176470588235294,0.5806451612903225,0.4411764705882353,Fatigue
0.1261261261261261,0.078125,0.2795084971874738,0.2,0.0909090909090908,0.2941176470588235,0.5161290322580645,0.6470588235294118,Fatigue
0.8378378378378379,0.013671875,0.1169267933366857,0.92,0.5454545454545454,0.1176470588235294,0.6129032258064515,0.5588235294117647,Fatigue
0.7117117117117118,0.009765625,0.0988211768802618,0.7999999999999999,0.4545454545454546,0.1176470588235294,0.6129032258064515,0.5882352941176471,Fatigue
0.6756756756756759,0.00390625,0.0625,0.7999999999999999,0.4242424242424243,0.0588235294117647,0.5806451612903225,0.5294117647058824,Fatigue
0.3603603603603604,0.033203125,0.1822172467139156,0.44,0.2121212121212121,0.1764705882352941,0.4516129032258064,0.3235294117647059,Fatigue
0.2972972972972971,0.04296875,0.2072890493972125,0.4,0.2121212121212121,0.2352941176470588,0.5161290322580645,0.4411764705882353,Fatigue
0.4414414414414416,0.009765625,0.0988211768802618,0.5599999999999999,0.2727272727272727,0.1176470588235294,0.5161290322580645,0.4705882352941176,Fatigue
0.6666666666666667,0.0,0.0,0.7999999999999999,0.3939393939393938,0.0,0.5483870967741935,0.5,Fatigue
0.7297297297297296,0.03515625,0.1875,0.7999999999999999,0.4848484848484848,0.1764705882352941,0.5483870967741935,0.7352941176470589,Fatigue
0.2342342342342342,0.103515625,0.3217384419058439,0.2799999999999999,0.1515151515151513,0.2941176470588235,0.4516129032258064,0.3823529411764705,Fatigue
0.1621621621621622,0.033203125,0.1822172467139156,0.2799999999999999,0.0909090909090908,0.1764705882352941,0.6129032258064515,0.5882352941176471,Fatigue
0.3693693693693693,0.015625,0.125,0.4800000000000001,0.2121212121212121,0.1176470588235294,0.6129032258064515,0.4705882352941176,Fatigue
0.2342342342342342,0.103515625,0.3217384419058439,0.2799999999999999,0.1515151515151513,0.2941176470588235,0.7096774193548386,0.5588235294117647,Fatigue
0.2072072072072071,0.013671875,0.1169267933366857,0.36,0.1212121212121211,0.1176470588235294,0.5806451612903225,0.5588235294117647,Fatigue
0.7117117117117118,0.048828125,0.2209708691207961,0.7599999999999999,0.4848484848484848,0.2352941176470588,0.5806451612903225,0.4705882352941176,Fatigue
0.1621621621621622,0.130859375,0.3617449032121946,0.2399999999999998,0.1515151515151513,0.3529411764705882,0.5161290322580645,0.5,Fatigue
0.1711711711711712,0.048828125,0.2209708691207961,0.2799999999999999,0.1212121212121211,0.2352941176470588,0.5161290322580645,0.5,Fatigue
0.7117117117117118,0.0390625,0.1976423537605237,0.7599999999999999,0.4545454545454546,0.1764705882352941,0.6129032258064515,0.5294117647058824,Fatigue
0.7027027027027026,0.052734375,0.2296396633859229,0.7599999999999999,0.4848484848484848,0.2352941176470588,0.5806451612903225,0.5588235294117647,Fatigue
0.1621621621621622,0.033203125,0.1822172467139156,0.2799999999999999,0.0909090909090908,0.1764705882352941,0.4516129032258064,0.4117647058823529,Fatigue
0.3513513513513513,0.01953125,0.1397542485937369,0.4800000000000001,0.2121212121212121,0.1176470588235294,0.5483870967741935,0.4705882352941176,Fatigue
0.0720720720720722,0.1015625,0.3186887195995491,0.16,0.0606060606060605,0.2941176470588235,0.3870967741935484,0.2647058823529412,Fatigue
0.09009009009009,0.169921875,0.4122158111960288,0.12,0.0909090909090908,0.4117647058823529,0.4193548387096774,0.4411764705882353,Fatigue
0.6666666666666667,0.029296875,0.1711632992203644,0.7599999999999999,0.4545454545454546,0.1764705882352941,0.5806451612903225,0.5,Fatigue
0.8468468468468469,0.01953125,0.1397542485937369,0.92,0.5454545454545454,0.1176470588235294,0.6129032258064515,0.4705882352941176,Fatigue
0.8198198198198197,0.025390625,0.1593443597997745,0.88,0.5454545454545454,0.1764705882352941,0.6129032258064515,0.5588235294117647,Fatigue
0.4504504504504507,0.0234375,0.1530931089239486,0.5599999999999999,0.2727272727272727,0.1176470588235294,0.6129032258064515,0.5294117647058824,Fatigue
0.1801801801801803,0.0234375,0.1530931089239486,0.3199999999999999,0.1212121212121211,0.1764705882352941,0.6129032258064515,0.6764705882352942,Fatigue
0.09009009009009,0.0234375,0.1530931089239486,0.2399999999999998,0.0606060606060605,0.1764705882352941,0.5483870967741935,0.5,Fatigue
0.6756756756756759,0.0332031249999999,0.1822172467139156,0.7599999999999999,0.4545454545454546,0.1764705882352941,0.5161290322580645,0.4411764705882353,Fatigue
0.8558558558558562,0.0234375,0.1530931089239486,0.92,0.5454545454545454,0.1176470588235294,0.6129032258064515,0.3823529411764705,Fatigue
0.7477477477477479,0.052734375,0.2296396633859229,0.7599999999999999,0.4848484848484848,0.2352941176470588,0.5806451612903225,0.4411764705882353,Fatigue
0.8558558558558562,0.013671875,0.1169267933366857,0.92,0.5454545454545454,0.1176470588235294,0.5806451612903225,0.5294117647058824,Fatigue
0.8558558558558562,0.013671875,0.1169267933366857,0.92,0.5454545454545454,0.1176470588235294,0.5806451612903225,0.6176470588235294,Fatigue
0.3423423423423422,0.052734375,0.2296396633859229,0.44,0.2424242424242424,0.2352941176470588,0.4516129032258064,0.3529411764705882,Fatigue
0.1621621621621622,0.0234375,0.1530931089239487,0.2799999999999999,0.0909090909090908,0.1764705882352941,0.5483870967741935,0.5,Fatigue
0.7747747747747746,0.005859375,0.0765465544619743,0.88,0.4848484848484848,0.0588235294117647,0.5483870967741935,0.4411764705882353,Fatigue
0.2522522522522521,0.091796875,0.3029799910885206,0.36,0.2121212121212121,0.2941176470588235,0.3870967741935484,0.5,Fatigue
0.7027027027027026,0.013671875,0.1169267933366857,0.7999999999999999,0.4545454545454546,0.1176470588235294,0.5483870967741935,0.5,Fatigue
0.2072072072072071,0.0234374999999999,0.1530931089239486,0.3199999999999999,0.1212121212121211,0.1764705882352941,0.5161290322580645,0.5294117647058824,Fatigue
0.7657657657657662,0.08203125,0.28641098093474,0.7999999999999999,0.5151515151515151,0.2352941176470588,0.4193548387096774,0.2941176470588235,Fatigue
0.6306306306306309,0.0234375,0.1530931089239486,0.7200000000000001,0.3939393939393938,0.1176470588235294,0.6129032258064515,0.5294117647058824,Fatigue
0.873873873873874,0.015625,0.125,0.92,0.5454545454545454,0.1176470588235294,0.6129032258064515,0.5,Fatigue
0.8918918918918919,0.009765625,0.0988211768802618,0.96,0.5757575757575757,0.1176470588235294,0.5483870967741935,0.4411764705882353,Fatigue
0.7567567567567568,0.1171875,0.3423265984407289,0.7599999999999999,0.5454545454545454,0.3529411764705882,0.4838709677419354,0.4117647058823529,Fatigue
0.4054054054054055,0.0332031249999999,0.1822172467139156,0.4800000000000001,0.2424242424242424,0.1764705882352941,0.5483870967741935,0.4411764705882353,Fatigue
0.5225225225225225,0.072265625,0.2688226645950821,0.5599999999999999,0.3636363636363635,0.2941176470588235,0.6774193548387096,0.6176470588235294,Fatigue
0.8108108108108112,0.033203125,0.1822172467139156,0.88,0.5454545454545454,0.1764705882352941,0.5161290322580645,0.4117647058823529,Fatigue
0.6846846846846848,0.025390625,0.1593443597997745,0.7599999999999999,0.4545454545454546,0.1764705882352941,0.4516129032258064,0.4117647058823529,Fatigue
0.4864864864864866,0.029296875,0.1711632992203644,0.6,0.3333333333333332,0.1764705882352941,0.6451612903225806,0.6176470588235294,Fatigue
0.1891891891891892,0.11328125,0.3365728004459066,0.2399999999999998,0.1515151515151513,0.3529411764705882,0.5161290322580645,0.2352941176470588,Fatigue
0.3063063063063063,0.0390625,0.1976423537605237,0.44,0.2121212121212121,0.1764705882352941,0.5483870967741935,0.4117647058823529,Fatigue
0.0810810810810811,0.302734375,0.5502130269268442,0.0,0.0606060606060605,0.5294117647058824,0.5483870967741935,0.5294117647058824,Fatigue
0.7927927927927929,0.072265625,0.2688226645950821,0.7999999999999999,0.5454545454545454,0.2941176470588235,0.7096774193548386,0.6176470588235294,Fatigue
0.3153153153153154,0.0234375,0.1530931089239486,0.44,0.2121212121212121,0.1764705882352941,0.5483870967741935,0.3823529411764705,Fatigue
0.5495495495495495,0.2109375,0.459279326771846,0.5199999999999999,0.4242424242424243,0.4705882352941176,0.2903225806451612,0.2058823529411764,Fatigue
0.783783783783784,0.025390625,0.1593443597997745,0.84,0.5151515151515151,0.1764705882352941,0.4838709677419354,0.3235294117647059,Fatigue
0.3423423423423422,0.091796875,0.3029799910885207,0.4,0.2727272727272727,0.3529411764705882,0.5483870967741935,0.5882352941176471,Fatigue
0.4864864864864866,0.068359375,0.2614562582918987,0.5599999999999999,0.3636363636363635,0.2941176470588235,0.5483870967741935,0.5,Fatigue
0.6846846846846848,0.044921875,0.2119478119726646,0.7599999999999999,0.4545454545454546,0.1764705882352941,0.5483870967741935,0.5294117647058824,Fatigue
0.6486486486486487,0.162109375,0.4026280852101602,0.64,0.4848484848484848,0.4117647058823529,0.4193548387096774,0.3235294117647059,Fatigue
0.09009009009009,0.31640625,0.5625000000000001,0.0,0.0606060606060605,0.5294117647058824,0.5483870967741935,0.5294117647058824,Fatigue
0.7477477477477479,0.091796875,0.3029799910885206,0.7599999999999999,0.5151515151515151,0.2941176470588235,0.5806451612903225,0.5,Fatigue
0.1621621621621622,0.0039062499999999,0.0625,0.3199999999999999,0.0606060606060605,0.0588235294117647,0.5483870967741935,0.3529411764705882,Fatigue
0.3423423423423422,0.150390625,0.3878023014372143,0.4,0.2727272727272727,0.3529411764705882,0.5806451612903225,0.6176470588235294,Fatigue
0.783783783783784,0.0546875,0.2338535866733714,0.7999999999999999,0.5151515151515151,0.2352941176470588,0.5161290322580645,0.3823529411764705,Fatigue
0.9009009009009012,0.00390625,0.0625,1.0,0.5757575757575757,0.0588235294117647,0.5483870967741935,0.5294117647058824,Fatigue
0.3333333333333335,0.03515625,0.1875,0.44,0.2121212121212121,0.1764705882352941,0.6129032258064515,0.6764705882352942,Fatigue
0.6576576576576576,0.0332031249999999,0.1822172467139156,0.7200000000000001,0.4242424242424243,0.1764705882352941,0.5161290322580645,0.5,Fatigue
0.1711711711711712,0.009765625,0.0988211768802618,0.3199999999999999,0.0909090909090908,0.1176470588235294,0.5161290322580645,0.5294117647058824,Fatigue
0.3153153153153154,0.0234374999999999,0.1530931089239486,0.44,0.2121212121212121,0.1764705882352941,0.4516129032258064,0.4117647058823529,Fatigue
0.6936936936936939,0.15234375,0.3903123748999,0.64,0.4848484848484848,0.4117647058823529,0.6451612903225806,0.6470588235294118,Fatigue
0.4954954954954957,0.072265625,0.2688226645950821,0.5599999999999999,0.3636363636363635,0.2941176470588235,0.5806451612903225,0.5294117647058824,Fatigue
0.2342342342342342,0.025390625,0.1593443597997745,0.36,0.1515151515151513,0.1764705882352941,0.5806451612903225,0.4705882352941176,Fatigue
0.7117117117117118,0.126953125,0.3563048203434806,0.68,0.4848484848484848,0.3529411764705882,0.7419354838709677,0.6764705882352942,Fatigue
0.9369369369369368,0.048828125,0.2209708691207961,0.96,0.6363636363636362,0.2352941176470588,0.6774193548387096,0.7058823529411764,Fatigue
0.3783783783783785,0.015625,0.125,0.5199999999999999,0.2424242424242424,0.1176470588235294,0.4838709677419354,0.4411764705882353,Fatigue
0.738738738738739,0.015625,0.125,0.7999999999999999,0.4545454545454546,0.1176470588235294,0.5483870967741935,0.5588235294117647,Fatigue
0.1081081081081081,0.025390625,0.1593443597997745,0.2399999999999998,0.0606060606060605,0.1764705882352941,0.5483870967741935,0.6470588235294118,Fatigue
0.3963963963963963,0.0390625,0.1976423537605237,0.4800000000000001,0.2727272727272727,0.2352941176470588,0.5483870967741935,0.5294117647058824,Fatigue
0.7747747747747746,0.064453125,0.2538762001448738,0.7999999999999999,0.5454545454545454,0.2941176470588235,0.6129032258064515,0.4705882352941176,Fatigue
0.7027027027027026,0.0625,0.25,0.7200000000000001,0.4545454545454546,0.2352941176470588,0.6774193548387096,0.7058823529411764,Fatigue
0.3693693693693693,0.044921875,0.2119478119726646,0.44,0.2424242424242424,0.2352941176470588,0.4516129032258064,0.3823529411764705,Fatigue
0.7027027027027026,0.0332031249999999,0.1822172467139156,0.7999999999999999,0.4848484848484848,0.1764705882352941,0.5161290322580645,0.5,Fatigue
0.7027027027027026,0.013671875,0.1169267933366857,0.7999999999999999,0.4545454545454546,0.1176470588235294,0.5483870967741935,0.5,Fatigue
0.1711711711711712,0.0390625,0.1976423537605237,0.2799999999999999,0.1212121212121211,0.2352941176470588,0.6129032258064515,0.4117647058823529,Fatigue
0.6756756756756759,0.052734375,0.2296396633859229,0.7599999999999999,0.4545454545454546,0.1764705882352941,0.5483870967741935,0.4705882352941176,Fatigue
0.3693693693693693,0.044921875,0.2119478119726646,0.44,0.2424242424242424,0.2352941176470588,0.5483870967741935,0.5882352941176471,Fatigue
0.8558558558558562,0.111328125,0.3336586953759786,0.7999999999999999,0.5757575757575757,0.3529411764705882,0.5483870967741935,0.7058823529411764,Fatigue
0.3963963963963963,0.009765625,0.0988211768802618,0.5199999999999999,0.2424242424242424,0.1176470588235294,0.5161290322580645,0.4411764705882353,Fatigue
0.7027027027027026,0.013671875,0.1169267933366857,0.7999999999999999,0.4545454545454546,0.1176470588235294,0.5161290322580645,0.5,Fatigue
0.7297297297297296,0.015625,0.125,0.7999999999999999,0.4545454545454546,0.1176470588235294,0.5483870967741935,0.7352941176470589,Fatigue
0.6576576576576576,0.04296875,0.2072890493972125,0.7200000000000001,0.4545454545454546,0.2352941176470588,0.6129032258064515,0.5294117647058824,Fatigue
0.3603603603603604,0.033203125,0.1822172467139156,0.44,0.2121212121212121,0.1764705882352941,0.4516129032258064,0.3235294117647059,Fatigue
0.6756756756756759,0.013671875,0.1169267933366857,0.7599999999999999,0.4242424242424243,0.1176470588235294,0.5806451612903225,0.5294117647058824,Fatigue
0.8198198198198197,0.005859375,0.0765465544619743,0.92,0.5151515151515151,0.0588235294117647,0.5161290322580645,0.5,Fatigue
0.4234234234234235,0.0546875,0.2338535866733714,0.4800000000000001,0.2727272727272727,0.2352941176470588,0.5806451612903225,0.5294117647058824,Fatigue
0.5765765765765767,0.126953125,0.3563048203434806,0.6,0.4242424242424243,0.3529411764705882,0.3548387096774193,0.3235294117647059,Fatigue
0.4324324324324324,0.072265625,0.2688226645950821,0.5199999999999999,0.3333333333333332,0.2941176470588235,0.5806451612903225,0.4705882352941176,Fatigue
0.7567567567567568,0.0390625,0.1976423537605237,0.7999999999999999,0.5151515151515151,0.2352941176470588,0.6129032258064515,0.4411764705882353,Fatigue
0.1531531531531531,0.005859375,0.0765465544619743,0.3199999999999999,0.0606060606060605,0.0588235294117647,0.5483870967741935,0.5,Fatigue
0.8378378378378379,0.052734375,0.2296396633859229,0.84,0.5454545454545454,0.2352941176470588,0.5483870967741935,0.4411764705882353,Fatigue
0.8018018018018018,0.029296875,0.1711632992203644,0.88,0.5454545454545454,0.1764705882352941,0.5806451612903225,0.5588235294117647,Fatigue
0.8108108108108112,0.0625,0.25,0.84,0.5454545454545454,0.2352941176470588,0.6129032258064515,0.5882352941176471,Fatigue
0.7477477477477479,0.091796875,0.3029799910885207,0.7599999999999999,0.5454545454545454,0.3529411764705882,0.6451612903225806,0.4117647058823529,Fatigue
0.6666666666666667,0.146484375,0.3827327723098717,0.64,0.4848484848484848,0.4117647058823529,0.3225806451612902,0.2647058823529412,Fatigue
0.5315315315315317,0.078125,0.2795084971874738,0.6,0.3939393939393938,0.2941176470588235,0.6774193548387096,0.5882352941176471,Fatigue
0.3783783783783785,0.044921875,0.2119478119726646,0.4800000000000001,0.2424242424242424,0.1764705882352941,0.5483870967741935,0.4117647058823529,Fatigue
0.783783783783784,0.015625,0.125,0.88,0.5151515151515151,0.1176470588235294,0.6129032258064515,0.3529411764705882,Fatigue
0.7567567567567568,0.048828125,0.2209708691207961,0.7999999999999999,0.5151515151515151,0.2352941176470588,0.6129032258064515,0.5294117647058824,Fatigue
0.7927927927927929,0.04296875,0.2072890493972125,0.84,0.5454545454545454,0.2352941176470588,0.6129032258064515,0.5294117647058824,Fatigue
0.7657657657657662,0.091796875,0.3029799910885206,0.7599999999999999,0.5454545454545454,0.3529411764705882,0.4516129032258064,0.4117647058823529,Fatigue
0.1171171171171172,0.111328125,0.3336586953759785,0.2,0.1212121212121211,0.3529411764705882,0.3870967741935484,0.3529411764705882,Fatigue
0.1261261261261261,0.029296875,0.1711632992203644,0.2399999999999998,0.0606060606060605,0.1764705882352941,0.5806451612903225,0.5882352941176471,Fatigue
0.783783783783784,0.044921875,0.2119478119726646,0.84,0.5454545454545454,0.2352941176470588,0.6129032258064515,0.6470588235294118,Fatigue
0.7297297297297296,0.09375,0.3061862178478973,0.7999999999999999,0.5454545454545454,0.2941176470588235,0.5483870967741935,0.5588235294117647,Fatigue
0.3963963963963963,0.0390625,0.1976423537605237,0.4800000000000001,0.2424242424242424,0.1764705882352941,0.4838709677419354,0.4411764705882353,Fatigue
0.144144144144144,0.015625,0.125,0.2799999999999999,0.0606060606060605,0.1176470588235294,0.5806451612903225,0.5294117647058824,Fatigue
0.7567567567567568,0.087890625,0.2964635306407856,0.7999999999999999,0.5454545454545454,0.2941176470588235,0.7096774193548386,0.5882352941176471,Fatigue
0.4324324324324324,0.08203125,0.2864109809347401,0.5199999999999999,0.3333333333333332,0.2941176470588235,0.6129032258064515,0.5294117647058824,Fatigue
0.2972972972972971,0.0625,0.25,0.36,0.2121212121212121,0.2941176470588235,0.4516129032258064,0.2647058823529412,Fatigue
0.3423423423423422,0.091796875,0.3029799910885207,0.4,0.2727272727272727,0.3529411764705882,0.5483870967741935,0.5882352941176471,Fatigue
0.4324324324324324,0.072265625,0.2688226645950821,0.5199999999999999,0.3333333333333332,0.2941176470588235,0.5806451612903225,0.4705882352941176,Fatigue
0.7477477477477479,0.013671875,0.1169267933366857,0.84,0.4848484848484848,0.1176470588235294,0.5483870967741935,0.5588235294117647,Fatigue
0.2972972972972971,0.091796875,0.3029799910885206,0.4,0.2424242424242424,0.2941176470588235,0.5161290322580645,0.3823529411764705,Fatigue
0.6486486486486487,0.083984375,0.2898005779842408,0.64,0.4242424242424243,0.2941176470588235,0.5483870967741935,0.3823529411764705,Fatigue
0.7747747747747746,0.064453125,0.2538762001448738,0.7999999999999999,0.5151515151515151,0.2352941176470588,0.4193548387096774,0.3529411764705882,Fatigue
0.1621621621621622,0.013671875,0.1169267933366857,0.3199999999999999,0.0909090909090908,0.1176470588235294,0.5806451612903225,0.5,Fatigue
0.783783783783784,0.015625,0.125,0.88,0.5151515151515151,0.1176470588235294,0.5806451612903225,0.5,Fatigue
0.6036036036036037,0.09375,0.3061862178478973,0.6,0.3939393939393938,0.2941176470588235,0.7096774193548386,0.6470588235294118,Fatigue
0.2882882882882884,0.044921875,0.2119478119726646,0.4,0.2121212121212121,0.2352941176470588,0.6451612903225806,0.5294117647058824,Fatigue
0.6216216216216217,0.01953125,0.1397542485937369,0.7200000000000001,0.3939393939393938,0.1176470588235294,0.5806451612903225,0.5294117647058824,Fatigue
0.4864864864864866,0.078125,0.2795084971874738,0.5599999999999999,0.3636363636363635,0.2941176470588235,0.6774193548387096,0.5882352941176471,Fatigue
0.7477477477477479,0.0625,0.25,0.7999999999999999,0.5151515151515151,0.2352941176470588,0.5806451612903225,0.3823529411764705,Fatigue
0.6756756756756759,0.00390625,0.0625,0.7999999999999999,0.4242424242424243,0.0588235294117647,0.5483870967741935,0.5294117647058824,Fatigue
0.738738738738739,0.103515625,0.3217384419058439,0.7999999999999999,0.5454545454545454,0.2941176470588235,0.4516129032258064,0.3823529411764705,Fatigue
0.7927927927927929,0.00390625,0.0625,0.88,0.4848484848484848,0.0588235294117647,0.5483870967741935,0.5294117647058824,Fatigue
0.4954954954954957,0.0234374999999999,0.1530931089239486,0.6,0.3333333333333332,0.1764705882352941,0.5806451612903225,0.4705882352941176,Fatigue
0.3603603603603604,0.091796875,0.3029799910885206,0.4,0.2424242424242424,0.2941176470588235,0.5806451612903225,0.6176470588235294,Fatigue
0.7027027027027026,0.033203125,0.1822172467139156,0.7599999999999999,0.4545454545454546,0.1764705882352941,0.5806451612903225,0.5294117647058824,Fatigue
